,PHI,TETA,PSI,X_ECI,Y_ECI,Z_ECI,latitude,longitude,Data,Tempo
0,0.0,1.6929693744086258,0.010800893752735196,6948.752366404926,-9.238937928018462,75.24510704571192,0.0,-0.04010516465398154,2022-11-10 18:00:10,10.0
1,0.0,1.692969374383375,0.02160178750547251,6947.512617213392,-18.476777676469524,150.4812457387384,0.6204070210418376,-0.15638974509782347,2022-11-10 18:00:20,20.0
2,0.0,1.6929693743581244,0.03240268125820983,6945.446534689584,-27.712420505345367,225.69944316780322,1.2408126972232545,-0.27269223653278696,2022-11-10 18:00:30,30.0
3,0.0,1.6929693743566625,0.04320357501098743,6942.554368158232,-36.9447679477002,300.89072865774887,1.8612156359324052,-0.3890305607754196,2022-11-10 18:00:40,40.0
4,0.0,1.6929693743574323,0.05400446876372788,6938.836466686159,-46.172721946558696,376.0461348889427,2.4816144426347195,-0.50542267280918,2022-11-10 18:00:50,50.0
5,0.0,1.6929693743582015,0.06480536251646826,6934.293279052823,-55.395184991334744,451.15669901527065,3.102007719911715,-0.6218865774436857,2022-11-10 18:01:00,60.0
6,0.0,1.6929693743589709,0.07560625626920879,6928.925353684927,-64.61106025430084,526.2134637813881,3.722394066477014,-0.7384403460728373,2022-11-10 18:01:10,70.0
7,0.0,1.6929693743597394,0.08640715002194921,6922.733338581477,-73.81925172699071,601.2074786392803,4.342772076188518,-0.8551021335631308,2022-11-10 18:01:20,80.0
8,0.0,1.6929693743605077,0.09720804377468968,6915.717981226088,-83.01866435643994,676.1298008636734,4.963140337051772,-0.9718901953069055,2022-11-10 18:01:30,90.0
9,0.0,1.6929693743612773,0.1080089375274301,6907.880128485825,-92.20820418127127,750.9714966661662,5.583497430210243,-1.0888229044743383,2022-11-10 18:01:40,100.0
10,0.0,1.6929693743620473,0.11880983128017054,6899.220726496645,-101.38677846759933,825.7236423078859,6.203841928920942,-1.2059187694990108,2022-11-10 18:01:50,110.0
11,0.0,1.6929693743628174,0.12961072503291107,6889.740820535485,-110.55329584473643,900.3773252105061,6.824172397513025,-1.32319645183261,2022-11-10 18:02:00,120.0
12,0.0,1.6929693743635867,0.14041161878565148,6879.441554878965,-119.70666644067344,974.9236450654344,7.444487390327223,-1.4406747840052978,2022-11-10 18:02:10,130.0
13,0.0,1.6929693743643552,0.15121251253839196,6868.324172648787,-128.8458020173152,1049.3537149409958,8.064785450633648,-1.5583727880292504,2022-11-10 18:02:20,140.0
14,0.0,1.6929693743651248,0.16201340629113262,6856.390015643874,-137.96961610545364,1123.6586623874307,8.68506510952561,-1.6763096941841065,2022-11-10 18:02:30,150.0
15,0.0,1.692969374365895,0.1728143000438732,6843.640524159241,-147.07702413944938,1197.82963053954,9.305324884786803,-1.7945049602243872,2022-11-10 18:02:40,160.0
16,0.0,1.6929693743666652,0.18361519379661376,6830.077236791674,-156.16694359160255,1271.8577792167753,9.92556327972951,-1.9129782910503348,2022-11-10 18:02:50,170.0
17,0.0,1.692969374367434,0.1944160875493543,6815.701790232271,-165.2382941061964,1345.7342860206277,10.545778782000761,-2.0317496588853,2022-11-10 18:03:00,180.0
18,0.0,1.6929693743682037,0.20521698130209484,6800.515919045846,-174.28999763318342,1419.450347429121,11.165969862353883,-2.150839324004604,2022-11-10 18:03:10,190.0
19,0.0,1.6929693743689735,0.21601787505483536,6784.521455437326,-183.32097856150114,1492.9971798882443,11.786134973382453,-2.270267856062683,2022-11-10 18:03:20,200.0
20,0.0,1.6929693743697423,0.2268187688075758,6767.720329005106,-192.3301638519912,1566.3660209001532,12.406272548213453,-2.390056156067538,2022-11-10 18:03:30,210.0
21,0.0,1.6929693743697425,0.23761966256031378,6750.1145664814785,-201.31648316990734,1639.5481301079553,13.026380999156574,-2.5102254790538066,2022-11-10 18:03:40,220.0
22,0.0,1.6929693743697434,0.248420556313052,6731.706291460191,-210.2788690169723,1712.5347903769114,13.64645871630612,-2.630797457508335,2022-11-10 18:03:50,230.0
23,0.0,1.6929693743697438,0.25922145006579006,6712.497724111184,-219.2162568630015,1785.317308871919,14.266504066091922,-2.751794125604813,2022-11-10 18:04:00,240.0
24,0.0,1.6929693743705136,0.2700223438185306,6692.49118088253,-228.12758527702152,1857.8870181310504,14.886515389775797,-2.8732379443072804,2022-11-10 18:04:10,250.0
25,0.0,1.6929693743705139,0.2808232375712687,6671.6890741897405,-237.01179605792484,1930.2352771350552,15.506491001889225,-2.9951518274051288,2022-11-10 18:04:20,260.0
26,0.0,1.6929693743705148,0.29162413132400683,6650.0939120924495,-245.86783436456608,2002.3534723725566,16.126429188608547,-3.117559168546381,2022-11-10 18:04:30,270.0
27,0.0,1.6929693743705148,0.30242502507674496,6627.708297958528,-254.69464884535256,2074.2330189008944,16.74632820606231,-3.24048386933912,2022-11-10 18:04:40,280.0
28,0.0,1.6929693743705154,0.313225918829483,6604.534930115768,-263.4911917672654,2145.8653614023897,17.36618627856727,-3.363950368595778,2022-11-10 18:04:50,290.0
29,0.0,1.6929693743712857,0.3240268125822235,6580.57660149115,-272.2564191443039,2217.241975235864,17.986001596787347,-3.4879836727990345,2022-11-10 18:05:00,300.0
30,0.0,1.6929693743712866,0.33482770633496167,6555.83619923779,-280.98929086533946,2288.354367483321,18.605772315810263,-3.6126093878731123,2022-11-10 18:05:10,310.0
31,0.0,1.6929693743712875,0.34562860008769974,6530.316704349755,-289.6887708213448,2359.194077991515,19.22549655313683,-3.737853752349428,2022-11-10 18:05:20,320.0
32,0.0,1.6929693743712868,0.3564294938404378,6504.021191264608,-298.3538270319956,2429.7526804083923,19.845172386575733,-3.8637436720214215,2022-11-10 18:05:30,330.0
33,0.0,1.692969374371287,0.367230387593176,6476.952827454016,-306.9834317716181,2500.02178321416,20.464797852038945,-3.990306756189242,2022-11-10 18:05:40,340.0
34,0.0,1.6929693743712875,0.3780312813459141,6449.114873002354,-315.5765616944781,2569.9930307468685,21.084370941229817,-4.117571355601983,2022-11-10 18:05:50,350.0
35,0.0,1.6929693743712877,0.3888321750986522,6420.510680173429,-324.1321979593521,2639.6581042223315,21.70388959921717,-4.245566602212247,2022-11-10 18:06:00,360.0
36,0.0,1.6929693743712877,0.3996330688513902,6391.143692965494,-332.64932635342956,2709.0087227482863,22.32335172188738,-4.374322450865282,2022-11-10 18:06:10,370.0
37,0.0,1.6929693743712875,0.4104339626041284,6361.017446654508,-341.1269374154576,2778.036644332593,22.942755153266326,-4.503869723054277,2022-11-10 18:06:20,380.0
38,0.0,1.6929693743712873,0.42123485635686636,6330.135567325892,-349.56402655816726,2846.7336668853723,23.562097682702326,-4.634240152881485,2022-11-10 18:06:30,390.0
39,0.0,1.6929693743712868,0.43203575010960454,6298.501771394786,-357.95959418992317,2915.0916292149227,24.181377041900394,-4.765466435375805,2022-11-10 18:06:40,400.0
40,0.0,1.6929693743712866,0.4428366438623427,6266.119865114933,-366.3126458356247,2983.1024120172906,24.800590901797765,-4.897582277327447,2022-11-10 18:06:50,410.0
41,0.0,1.692969374371287,0.4536375376150807,6232.993744076306,-374.62219225677813,3050.7579388593454,25.41973686926979,-5.0306224508128645,2022-11-10 18:07:00,420.0
42,0.0,1.6929693743712875,0.46443843136781854,6199.127392691573,-382.8872495707928,3118.050177155229,26.038812483654336,-5.16462284959471,2022-11-10 18:07:10,430.0
43,0.0,1.6929693743712875,0.4752393251205565,6164.52488367154,-391.1068393694404,3184.9711391360806,26.65781521308196,-5.299620548596831,2022-11-10 18:07:20,440.0
44,0.0,1.6929693743712873,0.4860402188732946,6129.190377489607,-399.2799888364732,3251.512882812819,27.276742450598604,-5.435653866668132,2022-11-10 18:07:30,450.0
45,0.0,1.6929693743712868,0.4968411126260328,6093.128121835469,-407.4057308643943,3317.6675129320056,27.89559151006561,-5.572762432866129,2022-11-10 18:07:40,460.0
46,0.0,1.692969374371287,0.5076420063787709,6056.342451058031,-415.4831041703507,3383.427181924496,28.51435962182194,-5.710987256508721,2022-11-10 18:07:50,470.0
47,0.0,1.6929693743712873,0.5184429001315091,6018.837785597769,-423.511153411142,3448.7840908468606,29.133043928090906,-5.8503708012619855,2022-11-10 18:08:00,480.0
48,0.0,1.6929693743712881,0.5292437938842472,5980.618631408625,-431.4889292973332,3513.730490315479,29.75164147811334,-5.990957063553027,2022-11-10 18:08:10,490.0
49,0.0,1.692969374371288,0.5400446876369854,5941.689579369497,-439.41548870645715,3578.25868143307,30.37014922298748,-6.132791655619993,2022-11-10 18:08:20,500.0
50,0.0,1.6929693743712875,0.5508455813897235,5902.055304685527,-447.28989479527655,3642.361016707682,30.98856401019356,-6.275921893536603,2022-11-10 18:08:30,510.0
51,0.0,1.6929693743712875,0.5616464751424807,5861.720566276554,-455.1112171109171,3706.0299009622286,31.606882577780407,-6.420396890575641,2022-11-10 18:08:40,520.0
52,0.0,1.6929693743712873,0.5724473688952376,5820.690206165875,-462.8785317018055,3769.2577922427,32.22510154818837,-6.566267656306686,2022-11-10 18:08:50,530.0
53,0.0,1.6929693743712877,0.5832482626479949,5778.969148844289,-470.59092122654306,3832.037202709102,32.843217421681885,-6.713587201855305,2022-11-10 18:09:00,540.0
54,0.0,1.692969374371288,0.5940491564007443,5736.56240063585,-478.24747506265226,3894.360699525665,33.46122656936026,-6.86241065178781,2022-11-10 18:09:10,550.0
55,0.0,1.6929693743712877,0.6048500501534793,5693.475049048488,-485.847289413917,3956.220905739358,34.079125225716886,-7.012795363124512,2022-11-10 18:09:20,560.0
56,0.0,1.6929693743712877,0.615650943906214,5649.712262110201,-493.38946741628286,4017.6105011466007,34.69690948070995,-7.164801052028161,2022-11-10 18:09:30,570.0
57,0.0,1.692969374371288,0.6264518376589486,5605.279287710978,-500.87311924401706,4078.522223162178,35.3145752713075,-7.318489928761572,2022-11-10 18:09:40,580.0
58,0.0,1.6929693743712884,0.6372527314116828,5560.181452923305,-508.297362213812,4138.948867671278,35.93211837246621,-7.473926841560734,2022-11-10 18:09:50,590.0
59,0.0,1.6929693743710768,0.6480536251644131,5514.424163315371,-515.6613208880184,4198.883289874265,36.549534387495584,-7.63117943012667,2022-11-10 18:10:00,600.0
60,0.0,1.6929693743656251,0.6588545189171381,5468.01290215157,-522.9641271673519,4258.318405043816,37.16681873776138,-7.790318289503541,2022-11-10 18:10:10,610.0
61,0.0,1.692969374365625,0.6696554126698718,5420.953230124308,-530.2049204318139,4317.247189685488,37.78396665168502,-7.951417145180951,2022-11-10 18:10:20,620.0
62,0.0,1.6929693743656267,0.6804563064226055,5373.250783983171,-537.3828475804737,4375.662681851861,38.40097315292364,-8.114553040326971,2022-11-10 18:10:30,630.0
63,0.0,1.692969374365626,0.6912572001753382,5324.911276256112,-544.4970631712182,4433.557982294092,39.01783304775431,-8.279806536156418,2022-11-10 18:10:40,640.0
64,0.0,1.6929693743656262,0.7020580939280718,5275.940494407975,-551.5467295083159,4490.926255176382,39.63454091155193,-8.447261926533248,2022-11-10 18:10:50,650.0
65,0.0,1.6929693743656267,0.7128589876808055,5226.344300106206,-558.5310167396191,4547.760728871406,40.25109107425247,-8.617007467985848,2022-11-10 18:11:00,660.0
66,0.0,1.6929693743656273,0.7236598814335402,5176.128628473262,-565.4491029521045,4604.054696742243,40.867477604754356,-8.78913562645699,2022-11-10 18:11:10,670.0
67,0.0,1.6929693743652912,0.7344607750215815,5125.299487142734,-572.3001742428127,4659.801517742871,41.48369429415208,-8.963743342223017,2022-11-10 18:11:20,680.0
68,0.0,1.6929693743652916,0.7452616687743157,5073.862956265216,-579.0834249084506,4714.994617889675,42.09973463769658,-9.140932314537205,2022-11-10 18:11:30,690.0
69,0.0,1.6929693743652918,0.756062562527049,5021.825186585452,-585.798057392664,4769.627489949594,42.715591815445386,-9.320809307891313,2022-11-10 18:11:40,700.0
70,0.0,1.6929693743652918,0.7668634562797815,4969.192399434651,-592.4432824745585,4823.693694903157,43.33125867116142,-9.503486481382856,2022-11-10 18:11:50,710.0
71,0.0,1.6929693743652918,0.7776643500325212,4915.970885759596,-599.0183193350815,4877.186862507378,43.94672768990915,-9.68908174389105,2022-11-10 18:12:00,720.0
72,0.0,1.6929693743652918,0.7884652437852594,4862.167005317305,-605.5223956443238,4930.100692010248,44.56199097363186,-9.877719136908311,2022-11-10 18:12:10,730.0
73,0.0,1.6929693743652912,0.7992661375379916,4807.78718587581,-611.9547476492479,4982.428952868303,45.17704021481577,-10.069529247789557,2022-11-10 18:12:20,740.0
74,0.0,1.6929693743652916,0.8100670312907238,4752.837922434803,-618.314620263715,5034.165485483169,45.79186666800397,-10.264649656219095,2022-11-10 18:12:30,750.0
75,0.0,1.6929693743652912,0.8208679250434564,4697.325776385584,-624.6012671505183,5085.304201872815,46.406461118950844,-10.46322541702896,2022-11-10 18:12:40,760.0
76,0.0,1.6929693743652916,0.8316688187961894,4641.257374699197,-630.8139508066919,5135.839086369334,47.0208138511794,-10.665409582841132,2022-11-10 18:12:50,770.0
77,0.0,1.6929693743652916,0.8424697125489231,4584.639409100959,-636.951942646761,5185.764196300017,47.63491460969962,-10.871363770390689,2022-11-10 18:13:00,780.0
78,0.0,1.692969374363671,0.8532706063016535,4527.478635296693,-643.0145230933973,5235.073662727362,48.248752561594635,-11.08125877480726,2022-11-10 18:13:10,790.0
79,0.0,1.6929693743636711,0.8640715000543867,4469.781871867562,-649.0009816189488,5283.761690795219,48.862316253164714,-11.295275236617005,2022-11-10 18:13:20,800.0
80,0.0,1.6929693743641192,0.8748723938071192,4411.555999856826,-654.9106168890467,5331.822560893413,49.475593563221146,-11.513604366747332,2022-11-10 18:13:30,810.0
81,0.0,1.6929693743641194,0.8856732875598522,4352.807961565522,-660.7427367883489,5379.25062887588,50.08857165231809,-11.736448735499623,2022-11-10 18:13:40,820.0
82,0.0,1.6929693743641194,0.8964741813125884,4293.54475987282,-666.4966585246186,5426.040326908666,50.701236907156556,-11.964023131987597,2022-11-10 18:13:50,830.0
83,0.0,1.692969374364119,0.9072750750653296,4233.773457288206,-672.1717086917234,5472.186163986443,51.31357487998377,-12.196555501510792,2022-11-10 18:14:00,840.0
84,0.0,1.6929693743641194,0.9180759688180694,4173.501175112312,-677.7672233490387,5517.682726581341,51.92557022223089,-12.434287969055482,2022-11-10 18:14:10,850.0
85,0.0,1.6929693743641194,0.9288768625708022,4112.735092567542,-683.2825480959367,5562.5246792521575,52.53720661184962,-12.677477958201813,2022-11-10 18:14:20,860.0
86,0.0,1.6929693743641192,0.9396777563235355,4051.482445894475,-688.7170381402736,5606.70676520451,53.14846667360382,-12.926399415808294,2022-11-10 18:14:30,870.0
87,0.0,1.6929693743641192,0.9504786500762697,3989.7505274799137,-694.0700583717584,5650.223806890652,53.759331891522926,-13.181344154147414,2022-11-10 18:14:40,880.0
88,0.0,1.6929693743641194,0.9612795438290068,3927.546684959005,-699.3409834306343,5693.0707065711795,54.36978251262302,-13.442623323633853,2022-11-10 18:14:50,890.0
89,0.0,1.6929693743641205,0.9720804375817427,3864.878320329964,-704.5291977782808,5735.242446892099,54.97979744086106,-13.710569030952826,2022-11-10 18:15:00,900.0
90,0.0,1.6929693743641205,0.9828813313344773,3801.752889034283,-709.6340957612906,5776.73409140869,55.58935412016684,-13.985536119313148,2022-11-10 18:15:10,910.0
91,0.0,1.6929693743641205,0.9936822250872117,3738.177899056406,-714.6550816786104,5817.540785134554,56.19842840522872,-14.267904129730976,2022-11-10 18:15:20,920.0
92,0.0,1.6929693743641205,1.004483118839946,3674.1609100127553,-719.5915698464694,5857.657755072241,56.80699441854008,-14.558079464758897,2022-11-10 18:15:30,930.0
93,0.0,1.6929693743641205,1.0152840125926763,3609.7095322377627,-724.4429846623957,5897.080310736463,57.41502439198643,-14.856497778943472,2022-11-10 18:15:40,940.0
94,0.0,1.6929693743641208,1.0260849063454107,3544.831425848455,-729.2087606645449,5935.803844639102,58.022488491016496,-15.163626623595851,2022-11-10 18:15:50,950.0
95,0.0,1.6929693743641205,1.036885800098145,3479.53429983928,-733.8883425968463,5973.82383282147,58.629354619154924,-15.479968377257201,2022-11-10 18:16:00,960.0
96,0.0,1.6929693743597034,1.0476866938508704,3413.825911154262,-738.4811854699528,6011.135835349721,59.2355882002926,-15.806063497620398,2022-11-10 18:16:10,970.0
97,0.0,1.6929693743588952,1.0584875876036122,3347.7140636899576,-742.986754603466,6047.735496670518,59.84115193579252,-16.14249413571463,2022-11-10 18:16:20,980.0
98,0.0,1.692969374358896,1.069288481356347,3281.206607461071,-747.404525709368,6083.618546277938,60.44600553295576,-16.489888158950073,2022-11-10 18:16:30,990.0
99,0.0,1.6929693743588958,1.0800893751090825,3214.311437581152,-751.7339849289889,6118.780799023538,61.050105401077104,-16.848923636525573,2022-11-10 18:16:40,1000.0
100,0.0,1.692969374358897,1.090890268861833,3147.0364933394703,-755.9746288929169,6153.218155605113,61.653404310304055,-17.22033384823564,2022-11-10 18:16:50,1010.0
101,0.0,1.6929693743588972,1.1016911626145893,3079.389757254955,-760.1259647754612,6186.926603011017,62.255851008206456,-17.60491288704972,2022-11-10 18:17:00,1020.0
102,0.0,1.6929693743588978,1.1124920563673466,3011.379254116761,-764.1875103453597,6219.902214934157,62.8573897878544,-18.003521936188537,2022-11-10 18:17:10,1030.0
103,0.0,1.6929693743588985,1.1232929501201039,2943.0130500278647,-768.1587940167442,6252.141152188406,63.45796000026747,-18.417096313668264,2022-11-10 18:17:20,1040.0
104,0.0,1.6929693743588987,1.134093843872861,2874.2992514453845,-772.0393548989182,6283.639663114838,64.05749550290552,-18.84665339146191,2022-11-10 18:17:30,1050.0
105,0.0,1.6929693743588992,1.1448947376256187,2805.2460042168004,-775.8287428446645,6314.394083976149,64.65592403444086,-19.2933015128974,2022-11-10 18:17:40,1060.0
106,0.0,1.6929693743588992,1.1556956313783568,2735.8614926128453,-779.5265184972196,6344.400839340192,65.25316650437175,-19.75825005104809,2022-11-10 18:17:50,1070.0
107,0.0,1.692969374358899,1.166496525131095,2666.1539383578756,-783.1322533361597,6373.656442454378,65.84913618402682,-20.242820773090138,2022-11-10 18:18:00,1080.0
108,0.0,1.6929693743588996,1.1772974188838334,2596.1315996567155,-786.6455297218567,6402.157495608462,66.44373778311325,-20.748460701364365,2022-11-10 18:18:10,1090.0
109,0.0,1.6929693743588996,1.1880983126365716,2525.802770218792,-790.0659409387073,6429.9006904873,67.03686639309579,-21.27675669169075,2022-11-10 18:18:20,1100.0
110,0.0,1.6929693743588992,1.1988992063893094,2455.1757782796294,-793.393091237122,6456.882808513317,67.62840627525804,-21.82945198388038,2022-11-10 18:18:30,1110.0
111,0.0,1.692969374358899,1.2097001001420475,2384.2589856196428,-796.6265958742306,6483.100721178577,68.21822946717602,-22.408465018899296,2022-11-10 18:18:40,1120.0
112,0.0,1.692969374358899,1.2205009938947855,2313.0607865804564,-799.766081153352,6508.551390366525,68.80619417638432,-23.015910862247647,2022-11-10 18:18:50,1130.0
113,0.0,1.6929693743588987,1.231301887647523,2241.589607078754,-802.8111844621762,6533.231868663352,69.39214292405724,-23.654125624173478,2022-11-10 18:19:00,1140.0
114,0.0,1.6929693743588992,1.2421027814002614,2169.8539036178104,-805.7615543097061,6557.139299659033,69.9759003943625,-24.3256943244247,2022-11-10 18:19:10,1150.0
115,0.0,1.6929693743588985,1.2529036751529994,2097.8621622968253,-808.6168503619192,6580.270918238022,70.55727093651952,-25.033482711956676,2022-11-10 18:19:20,1160.0
116,0.0,1.692969374358899,1.2637045689057373,2025.622897818097,-811.3767434761904,6602.624050859555,71.13603565622319,-25.780673617129597,2022-11-10 18:19:30,1170.0
117,0.0,1.6929693743588987,1.2745054626584753,1953.1446524921676,-814.0409157344375,6624.196115827717,71.71194902064383,-26.570808482898215,2022-11-10 18:19:40,1180.0
118,0.0,1.6929693743588992,1.2853063564112133,1880.4359952410668,-816.6090604750227,6644.984623551107,72.2847348863127,-27.40783478761329,2022-11-10 18:19:50,1190.0
119,0.0,1.6929693743588987,1.296107250163951,1807.5055205997392,-819.0808823233997,6664.987176792202,72.85408184145165,-28.296160127299146,2022-11-10 18:20:00,1200.0
120,0.0,1.692969374358899,1.306908143916689,1734.361847715646,-821.4560972214914,6684.201470906477,73.41963773331607,-29.2407137564596,2022-11-10 18:20:10,1210.0
121,0.0,1.692969374358899,1.317709037669427,1661.013619346806,-823.7344324558132,6702.625294071146,73.98100322656467,-30.247016372578397,2022-11-10 18:20:20,1220.0
122,0.0,1.692969374358899,1.3285099314221653,1587.4695008582817,-825.9156266843572,6720.256527503683,74.53772421039326,-31.32125883767471,2022-11-10 18:20:30,1230.0
123,0.0,1.6929693743596683,1.3393108251749057,1513.7381792171518,-827.9994299622226,6737.093145670033,75.08928284039797,-32.47039031012157,2022-11-10 18:20:40,1240.0
124,0.0,1.6929693743596679,1.3501117189276435,1439.8283619861809,-829.9856037659999,6753.1332164825535,75.63508696675059,-33.70221583512666,2022-11-10 18:20:50,1250.0
125,0.0,1.6929693743604368,1.3609126126803832,1365.7487763162094,-831.873921016856,6768.374901487728,76.1744576653832,-35.02550269914877,2022-11-10 18:21:00,1260.0
126,0.0,1.6929693743604373,1.3717135064331214,1291.508167937236,-833.6641661024639,6782.816456043622,76.70661455761757,-36.450093625582454,2022-11-10 18:21:10,1270.0
127,0.0,1.6929693743604375,1.3825144001858594,1217.1153001486755,-835.3561348975936,6796.456229487074,77.23065858349126,-37.98702293740934,2022-11-10 18:21:20,1280.0
128,0.0,1.6929693743612069,1.3933152939385998,1142.5789528082819,-836.9496347835175,6809.292665290728,77.74555189765198,-39.6486288037052,2022-11-10 18:21:30,1290.0
129,0.0,1.6929693743619758,1.4041161876913395,1067.9079213204318,-838.4444846661539,6821.32430120981,78.25009460497908,-41.44865017335691,2022-11-10 18:21:40,1300.0
130,0.0,1.692969374361976,1.4149170814440777,993.1110156233894,-839.8405149929542,6832.549769418698,78.74289817891533,-43.4022904153013,2022-11-10 18:21:50,1310.0
131,0.0,1.6929693743627452,1.4257179751968179,918.1970591759587,-841.1375677685604,6842.967796637335,79.22235565874158,-45.52622038637618,2022-11-10 18:22:00,1320.0
132,0.0,1.6929693743635141,1.4365188689495585,843.1748879433662,-842.3354965692414,6852.57720424744,79.68660917467969,-47.83848105155925,2022-11-10 18:22:10,1330.0
133,0.0,1.6929693743642835,1.4473197627022985,768.0533493826383,-843.4341665560529,6861.376908398575,80.13351609902017,-50.35822969312795,2022-11-10 18:22:20,1340.0
134,0.0,1.6929693743642835,1.4581206564550364,692.8413014274674,-844.4334544867957,6869.365920104027,80.56061628547182,-53.10525502413753,2022-11-10 18:22:30,1350.0
135,0.0,1.692969374364284,1.468921550207774,617.5476114726885,-845.333248726699,6876.543345326596,80.96510455391663,-56.09916823977954,2022-11-10 18:22:40,1360.0
136,0.0,1.6929693743650533,1.479722443960514,542.1811553583534,-846.1334492579188,6882.908385054188,81.34381486007462,-59.35816621152028,2022-11-10 18:22:50,1370.0
137,0.0,1.6929693743658227,1.4905233377132543,466.75081635373,-846.8339676877678,6888.460335365348,81.6932253394885,-62.89727257922384,2022-11-10 18:23:00,1380.0
138,0.0,1.6929693743665917,1.5013242314659943,391.2654841409517,-847.4347272557309,6893.198587484631,82.00949614927731,-66.72601216767923,2022-11-10 18:23:10,1390.0
139,0.0,1.6929693743673613,1.5121251252187347,315.73405379870974,-847.9356628392306,6897.122627827932,82.28855367501475,-70.84558736021349,2022-11-10 18:23:20,1400.0
140,0.0,1.6929693743681304,1.5229260189714748,240.16542478591282,-848.3367209581822,6900.232038037694,82.5262334333745,-75.24581715526745,2022-11-10 18:23:30,1410.0
141,0.0,1.6929693743689,1.5337269127242155,164.5684999254563,-848.6378597783228,6902.526495008062,82.71848765667076,-79.90235453839917,2022-11-10 18:23:40,1420.0
142,0.0,1.6929693743696692,1.5445278064769559,88.95218438808979,-848.8390491133061,6904.005770899923,82.86165049380189,-84.77493956441367,2022-11-10 18:23:50,1430.0
143,0.0,1.6929693743704386,1.5553287002296963,13.325384676622434,-848.9402704255589,6904.6697331459745,82.9527349336172,-89.80753036252756,2022-11-10 18:24:00,1440.0
144,0.0,1.6929693743712075,1.5661295939824365,-62.302992389616975,-848.9415168259526,6904.518344445689,82.98971620470604,-94.93092206450316,2022-11-10 18:24:10,1450.0
145,0.0,1.6929693743719767,1.5769304877351769,-137.92404068989936,-848.8427930722232,6903.551662750284,82.9717456862759,-100.06786033267413,2022-11-10 18:24:20,1460.0
146,0.0,1.6929693743727459,1.5877313814879173,-213.5288558167449,-848.6441155661672,6901.769841237616,82.89924599756868,-105.13985315892599,2022-11-10 18:24:30,1470.0
147,0.0,1.692969374373515,1.5985322752406577,-289.1085360899351,-848.3455123496319,6899.173128277154,82.77386354645247,-110.07425490400219,2022-11-10 18:24:40,1480.0
148,0.0,1.6929693743742842,1.609333168993398,-364.65418357001636,-847.9470230992889,6895.761867384868,82.59829049087772,-114.81009024861025,2022-11-10 18:24:50,1490.0
149,0.0,1.6929693743750536,1.6201340627461382,-440.1569050709586,-847.4486991201795,6891.536497168168,82.37599860456655,-119.30156558553324,2022-11-10 18:25:00,1500.0
150,0.0,1.692969374375823,1.6309349564988787,-515.6078131720633,-846.85060333805,6886.497551260861,82.11094099632815,-123.51900613260001,2022-11-10 18:25:10,1510.0
151,0.0,1.692969374375823,1.6417358502516166,-590.9980272290545,-846.1528102904736,6880.645658248117,81.80727207788883,-127.44766078187968,2022-11-10 18:25:20,1520.0
152,0.0,1.6929693743765923,1.6525367440043568,-666.3186743841147,-845.355406116742,6873.981541581543,81.46911863044151,-131.08517948764919,2022-11-10 18:25:30,1530.0
153,0.0,1.692969374377361,1.663337637757097,-741.5608905749405,-844.4584885465852,6866.506019484177,81.10041497785203,-134.43857594990905,2022-11-10 18:25:40,1540.0
154,0.0,1.6929693743781309,1.6741385315098372,-816.7158215427125,-843.462166887625,6858.220004845658,80.70479995117704,-137.521281451886,2022-11-10 18:25:50,1550.0
155,0.0,1.6929693743789003,1.6849394252625776,-891.7746238387849,-842.3665620116708,6849.124505107432,80.28556479072184,-140.35063308930285,2022-11-10 18:26:00,1560.0
156,0.0,1.6929693743796699,1.6957403190153182,-966.7284658302256,-841.171806339767,6839.220622137992,79.84563840144261,-142.94592176097572,2022-11-10 18:26:10,1570.0
157,0.0,1.69296937437967,1.7065412127680586,-1041.5685287039114,-839.8780438260491,6828.509552098249,79.38759727415507,-145.32698582546016,2022-11-10 18:26:20,1580.0
158,0.0,1.6929693743804393,1.7173421065207986,-1116.2860074692794,-838.4854299403809,6816.992585296988,78.91368990480903,-147.51326749470863,2022-11-10 18:26:30,1590.0
159,0.0,1.6929693743812089,1.7281430002735387,-1190.8721119594607,-836.9941316498198,6804.67110603642,78.42586836938551,-149.52322828784327,2022-11-10 18:26:40,1600.0
160,0.0,1.6929693743819785,1.7389438940262791,-1265.3180678309582,-835.4043273988277,6791.546592447836,77.92582218219988,-151.37402552329854,2022-11-10 18:26:50,1610.0
161,0.0,1.692969374382748,1.7497447877790193,-1339.61511756158,-833.7162070883153,6777.620616317403,77.41501146106856,-153.08136860634667,2022-11-10 18:27:00,1620.0
162,0.0,1.6929693743835172,1.7605456815317602,-1413.7545214466159,-831.9299720534596,6762.894842902068,76.89469775679888,-154.65949294289615,2022-11-10 18:27:10,1630.0
163,0.0,1.6929693743835177,1.7713465752845001,-1487.7275585932612,-830.0458350403408,6747.371030735627,76.36597178167293,-156.12120647819643,2022-11-10 18:27:20,1640.0
164,0.0,1.6929693743835177,1.7821474690372383,-1561.5255279131038,-828.0640201813574,6731.05103142492,75.82977781343752,-157.4779776638238,2022-11-10 18:27:30,1650.0
165,0.0,1.6929693743835184,1.7929483627899767,-1635.1397491125863,-825.9847629694519,6713.936789436163,75.28693486330384,-158.7400440279314,2022-11-10 18:27:40,1660.0
166,0.0,1.692969374384288,1.8037492565427171,-1708.561563681461,-823.80831023114,6696.030341871501,74.73815485913548,-159.91652796310515,2022-11-10 18:27:50,1670.0
167,0.0,1.6929693743850571,1.814550150295457,-1781.7823358790333,-821.5349200983338,6677.333818235651,74.18405816526331,-161.01555149932247,2022-11-10 18:28:00,1680.0
168,0.0,1.692969374385826,1.8253510440481973,-1854.7934537182564,-819.164861978978,6657.849440192809,73.62518677631553,-162.0443452968462,2022-11-10 18:28:10,1690.0
169,0.0,1.6929693743865954,1.8361519378009377,-1927.58632994743,-816.6984165264753,6637.579521313699,73.06201550856501,-163.00934936442934,2022-11-10 18:28:20,1700.0
170,0.0,1.6929693743873644,1.8469528315536776,-2000.1524030295432,-814.1358756079316,6616.526466812824,72.49496148370851,-163.91630445267714,2022-11-10 18:28:30,1710.0
171,0.0,1.6929693743873642,1.8577537253064176,-2072.4831381191616,-811.4775422711929,6594.692773275952,71.9243921656988,-164.77033395954376,2022-11-10 18:28:40,1720.0
172,0.0,1.6929693743881344,1.8685546190591578,-2144.5700280366914,-808.7237307106996,6572.081028377778,71.35063217634246,-165.5760167036135,2022-11-10 18:28:50,1730.0
173,0.0,1.6929693743866723,1.8793555128119355,-2216.404594239257,-805.8747662322357,6548.693910589131,70.77396908253316,-166.3374512008233,2022-11-10 18:29:00,1740.0
174,0.0,1.6929693743874423,1.8901564065646754,-2287.9783877927152,-802.9309852160604,6524.534188878042,70.19465831844822,-167.05831220923878,2022-11-10 18:29:10,1750.0
175,0.0,1.6929693743859802,1.9009573003174525,-2359.2829903322868,-799.8927350798015,6499.604722393153,69.612927380171,-167.74190034266073,2022-11-10 18:29:20,1760.0
176,0.0,1.6929693743607284,1.91175819407019,-2430.310015022728,-796.7603742398668,6473.90846013946,69.02897940808344,-168.39118553505125,2022-11-10 18:29:30,1770.0
177,0.0,1.692969374335478,1.9225590878229268,-2501.0511075409954,-793.5342720689503,6447.448440668741,68.4429962534409,-169.00884508918742,2022-11-10 18:29:40,1780.0
178,0.0,1.6929693743094705,1.9333599815756641,-2571.4979470083986,-790.2148088573111,6420.2277917141555,67.85514110966088,-169.59729697947847,2022-11-10 18:29:50,1790.0
179,0.0,1.6929693742842193,1.9441608753284014,-2641.6422469531526,-786.8023757694466,6392.249729848541,67.26556077599935,-170.1587290094683,2022-11-10 18:30:00,1800.0
180,0.0,1.692969374258968,1.9549617690811387,-2711.4757562610516,-783.2973748004862,6363.517560124237,66.67438760960259,-170.6951243576953,2022-11-10 18:30:10,1810.0
181,0.0,1.6929693742337166,1.965762662833876,-2780.9902601228077,-779.7002187313225,6334.0346757031775,66.0817412132412,-171.20828398012108,2022-11-10 18:30:20,1820.0
182,0.0,1.6929693742084662,1.976563556586613,-2850.177580977909,-776.0113310826334,6303.804557477331,65.48772989818447,-171.69984627869363,2022-11-10 18:30:30,1830.0
183,0.0,1.6929693742070029,1.9873644503393906,-2919.0295794624826,-772.231146065993,6272.830773681016,64.89245195536097,-172.17130439240094,2022-11-10 18:30:40,1840.0
184,0.0,1.6929693742047722,1.9981653440921683,-2987.5381553233547,-768.3601085404167,6241.1169794864445,64.2959967626311,-172.6240214201146,2022-11-10 18:30:50,1850.0
185,0.0,1.6929693742033092,2.0089662378449455,-3055.6952483739947,-764.3986739580422,6208.666916601905,63.698445751876186,-173.0592438428124,2022-11-10 18:31:00,1860.0
186,0.0,1.6929693742018472,2.0197671315977233,-3123.4928394159397,-760.3473083149871,6175.484412851089,63.099873255284486,-173.47811337751926,2022-11-10 18:31:10,1870.0
187,0.0,1.6929693742003848,2.030568025350501,-3190.922951164195,-756.2064880994474,6141.573381745423,62.50034724805188,-173.88167746285635,2022-11-10 18:31:20,1880.0
188,0.0,1.6929693741989222,2.0413689191032782,-3257.9776491685034,-751.976700238645,6106.937822046757,61.899930001501765,-174.27089854985806,2022-11-10 18:31:30,1890.0
189,0.0,1.6929693741974599,2.052169812856056,-3324.64904273057,-747.6584420446218,6071.581817320566,61.29867865876248,-174.64666234798784,2022-11-10 18:31:40,1900.0
190,0.0,1.6929693741974605,2.062970706608794,-3390.9292858174495,-743.2522211585825,6035.509535478853,60.69664574330352,-175.0097851562043,2022-11-10 18:31:50,1910.0
191,0.0,1.6929693741982301,2.073771600361535,-3456.810577969203,-738.758555495087,5998.72522831626,60.09387960912361,-175.3610203915904,2022-11-10 18:32:00,1920.0
192,0.0,1.6929693741989997,2.0845724941142754,-3522.285165204371,-734.1779731836392,5961.233231032789,59.490424840145046,-175.7010644131102,2022-11-10 18:32:10,1930.0
193,0.0,1.6929693741997682,2.095373387867016,-3587.345340919517,-729.5110125100401,5923.037961749491,58.886322605226034,-176.0305617252714,2022-11-10 18:32:20,1940.0
194,0.0,1.692969374200537,2.1061742816197575,-3651.9834467844994,-724.7582218563688,5884.143921014103,58.281610974392514,-176.35010963533279,2022-11-10 18:32:30,1950.0
195,0.0,1.6929693742013057,2.1169751753724984,-3716.191873633121,-719.9201596398087,5844.555691297296,57.67632520105305,-176.66026242822343,2022-11-10 18:32:40,1960.0
196,0.0,1.6929693742020744,2.1277760691252388,-3779.963062348935,-714.9973942503266,5804.277936479488,57.070497974334934,-176.9615351151016,2022-11-10 18:32:50,1970.0
197,0.0,1.692969374202844,2.138576962877979,-3843.2895047462703,-709.9905039871975,5763.315401328216,56.46415964511963,-177.25440680438956,2022-11-10 18:33:00,1980.0
198,0.0,1.692969374203613,2.1493778566307196,-3906.163744446187,-704.9000769943941,5721.672910966221,55.85733842887986,-177.53932373799316,2022-11-10 18:33:10,1990.0
199,0.0,1.692969374204382,2.1601787503834595,-3968.5783777473935,-699.7267111948346,5679.35537033016,55.250060588017455,-177.8167020301097,2022-11-10 18:33:20,2000.0
200,0.0,1.692969374205151,2.1709796441362,-4030.526054491971,-694.4710142234891,5636.367763620014,54.64235059605039,-178.08693014143526,2022-11-10 18:33:30,2010.0
201,0.0,1.6929693742059202,2.1817805378889403,-4091.9994789257958,-689.1336033593491,5592.715153739223,54.03423128569941,-178.35037111759615,2022-11-10 18:33:40,2020.0
202,0.0,1.692969374206688,2.192581431641681,-4152.991410553603,-683.7151054562847,5548.402681725582,53.42572398266798,-178.60736461716732,2022-11-10 18:33:50,2030.0
203,0.0,1.6929693742074572,2.2033823253944216,-4213.494664988506,-678.2161568727504,5503.435566172891,52.816848626685605,-178.8582287516283,2022-11-10 18:34:00,2040.0
204,0.0,1.6929693742074576,2.2141832191471593,-4273.502114795934,-672.6374034004016,5457.819102643529,52.20762388119427,-179.10326175698432,2022-11-10 18:34:10,2050.0
205,0.0,1.6929693742082264,2.2249841128999,-4333.006690331921,-666.9795001915498,5411.558663071673,51.59806723289097,-179.34274351448894,2022-11-10 18:34:20,2060.0
206,0.0,1.6929693742089953,2.2357850066526406,-4392.001380575463,-661.243111685555,5364.659695157699,50.98819508219259,-179.57693693590664,2022-11-10 18:34:30,2070.0
207,0.0,1.692969374209765,2.246585900405381,-4450.4792339550695,-655.4289115340681,5317.127721753241,50.37802282557028,-179.80608922699983,2022-11-10 18:34:40,2080.0
208,0.0,1.6929693742097658,2.2573867941581187,-4508.433359169238,-649.5375825251974,5268.968340237396,49.76756493058214,179.96956695860575,2022-11-10 18:34:50,2090.0
209,0.0,1.6929693742105352,2.2681876879108587,-4565.85692600081,-643.5698165065435,5220.18722188382,49.156835004346505,179.74981246437335,2022-11-10 18:35:00,2100.0
210,0.0,1.6929693742113046,2.2789885816635995,-4622.743166125051,-637.5263143071809,5170.790111218998,48.54584585610806,179.53444066500197,2022-11-10 18:35:10,2110.0
211,0.0,1.6929693742120735,2.28978947541634,-4679.085373911432,-631.4077856585216,5120.7828253715215,47.934609554480794,179.3232565811886,2022-11-10 18:35:20,2120.0
212,0.0,1.6929693742128422,2.3005903691690803,-4734.876907218972,-625.2149491140966,5070.171253412476,47.323137479883854,179.1160760673437,2022-11-10 18:35:30,2130.0
213,0.0,1.692969374213611,2.3113912629218207,-4790.111188184948,-618.9485319682827,5018.961355687158,46.711440372632005,178.91272506540906,2022-11-10 18:35:40,2140.0
214,0.0,1.692969374213611,2.322192156674561,-4844.7817040069485,-612.6092701739304,4967.159163137889,46.09952837709454,178.7130389186445,2022-11-10 18:35:50,2150.0
215,0.0,1.6929693742143805,2.332993050427302,-4898.882007718228,-606.1979082589277,4914.770776618138,45.48741108228838,178.5168617398834,2022-11-10 18:36:00,2160.0
216,0.0,1.6929693742151497,2.3437939441800424,-4952.405718956062,-599.7151992417344,4861.802366198092,44.8750975592358,178.3240458293199,2022-11-10 18:36:10,2170.0
217,0.0,1.692969374215919,2.3545948379327823,-5005.346524723185,-593.1619045458265,4808.260170461473,44.26259639538372,178.13445113739058,2022-11-10 18:36:20,2180.0
218,0.0,1.6929693742166882,2.3653957316855228,-5057.69818014205,-586.5387939131139,4754.150495793883,43.64991572634745,177.94794476875626,2022-11-10 18:36:30,2190.0
219,0.0,1.6929693742174572,2.3761966254382636,-5109.454509201975,-579.8466453163105,4699.4797156626355,43.03706326521933,177.76440052378527,2022-11-10 18:36:40,2200.0
220,0.0,1.692969374218227,2.386997519191004,-5160.609405498831,-573.0862448702794,4644.2542698881525,42.42404632965531,177.5836984742911,2022-11-10 18:36:50,2210.0
221,0.0,1.6929693742189957,2.397798412943745,-5211.156832967411,-566.2583867423501,4588.480663906999,41.81087186693465,177.40572457059238,2022-11-10 18:37:00,2220.0
222,0.0,1.6929693742197642,2.4085993066964853,-5261.090826606198,-559.3638730616101,4532.16546802655,41.197546477165425,177.2303702772421,2022-11-10 18:37:10,2230.0
223,0.0,1.6929693742197647,2.4194002004492234,-5310.405493194483,-552.4035138271996,4475.315316671501,40.58407643479479,177.05753223502649,2022-11-10 18:37:20,2240.0
224,0.0,1.6929693742205336,2.430201094201964,-5359.095012001732,-545.3781268155738,4417.936907622059,39.970467708566325,176.88711194705624,2022-11-10 18:37:30,2250.0
225,0.0,1.692969374221303,2.441001987954704,-5407.153635489136,-538.2885374868243,4360.037001244141,39.35672598005319,176.7190154869764,2022-11-10 18:37:40,2260.0
226,0.0,1.692969374222072,2.4518028817074446,-5454.575690003007,-531.1355788899818,4301.622419711531,38.74285666088462,176.55315322750113,2022-11-10 18:37:50,2270.0
227,0.0,1.692969374222842,2.462603775460185,-5501.355576460342,-523.9200915673168,4242.7000462199285,38.12886490877333,176.38943958764358,2022-11-10 18:38:00,2280.0
228,0.0,1.6929693742228418,2.4734046692129232,-5547.487771025986,-516.6429234577405,4183.276824193245,37.5147556424369,176.2277927971544,2022-11-10 18:38:10,2290.0
229,0.0,1.6929693742228424,2.4842055629656614,-5592.966825781576,-509.3049297991689,4123.359756481943,36.900533555505255,176.0681346768193,2022-11-10 18:38:20,2300.0
230,0.0,1.6929693742236105,2.495006456718402,-5637.7873693860965,-501.90697302999683,4062.95590455373,36.28620312949121,175.91039043337966,2022-11-10 18:38:30,2310.0
231,0.0,1.6929693742243803,2.5058073504711422,-5681.944107727874,-494.4499226896143,4002.0723876766015,35.67176864589855,175.75448846795146,2022-11-10 18:38:40,2320.0
232,0.0,1.6929693742243803,2.51660824422388,-5725.431824567988,-486.9346553179803,3940.716382094181,35.05723419753438,175.6003601969129,2022-11-10 18:38:50,2330.0
233,0.0,1.6929693742251504,2.5274091379766204,-5768.24538217491,-479.3620543542826,3878.8951201935542,34.44260369908496,175.44793988431923,2022-11-10 18:39:00,2340.0
234,0.0,1.6929693742259202,2.5382100317293608,-5810.379721950392,-471.7330100347008,3816.6158896658803,33.82788089701202,175.29716448498306,2022-11-10 18:39:10,2350.0
235,0.0,1.6929693742259202,2.549010925482099,-5851.829865046332,-464.0484192892625,3753.8860326594704,33.213069378821096,175.14797349742992,2022-11-10 18:39:20,2360.0
236,0.0,1.6929693742259206,2.559811819234837,-5892.590912972645,-456.30918563778727,3690.7129449256536,32.59817258174657,175.0003088260048,2022-11-10 18:39:30,2370.0
237,0.0,1.6929693742259202,2.5706127129875753,-5932.658048196028,-448.5162190849944,3627.10407495756,31.983193800897382,174.8541146514643,2022-11-10 18:39:40,2380.0
238,0.0,1.6929693742259206,2.5814136067403135,-5972.026534729404,-440.67043601472614,3563.0669231217803,31.368136196902736,174.709337309443,2022-11-10 18:39:50,2390.0
239,0.0,1.6929693742266898,2.592214500493054,-6010.6917187120935,-432.77275908329926,3498.6090407831143,30.753002803093462,174.5659251762321,2022-11-10 18:40:00,2400.0
240,0.0,1.6929693742274594,2.6030153942457943,-6048.64902898049,-424.8241171120519,3433.7380294224163,30.13779653225259,174.42382856135274,2022-11-10 18:40:10,2410.0
241,0.0,1.6929693742274603,2.6138162879985325,-6085.893977629277,-416.82544497902006,3368.4615397476528,29.522520182965327,174.2829996064469,2022-11-10 18:40:20,2420.0
242,0.0,1.69296937422823,2.624617181751292,-6122.422160563246,-408.7776835098248,3302.787270798458,28.90717644559616,174.14339219004694,2022-11-10 18:40:30,2430.0
243,0.0,1.692969374229,2.6354180755040515,-6158.229258038019,-400.68177936770644,3236.722969043487,28.29176790791994,174.00496183781732,2022-11-10 18:40:40,2440.0
244,0.0,1.692969374229,2.6462189692568088,-6193.3110351931,-392.5386849428406,3170.2764274723345,27.676297060430926,173.86766563789485,2022-11-10 18:40:50,2450.0
245,0.0,1.6929693742297698,2.6570198630095687,-6227.663342573564,-384.349358240805,3103.4554846802776,27.060766301350444,173.7314621609798,2022-11-10 18:41:00,2460.0
246,0.0,1.6929693742297705,2.6678207567623256,-6261.282116641991,-376.1147627703274,3036.268023947179,26.445177941354256,173.59631138485875,2022-11-10 18:41:10,2470.0
247,0.0,1.692969374229771,2.678621650515083,-6294.163380280443,-367.83586743023665,2968.7219723099843,25.8295342080406,173.46217462306214,2022-11-10 18:41:20,2480.0
248,0.0,1.6929693742297711,2.6894225442678397,-6326.303243282118,-359.5136463957025,2900.8252996293754,25.21383725015218,173.32901445738133,2022-11-10 18:41:30,2490.0
249,0.0,1.6929693742297711,2.700223438020578,-6357.697902832646,-351.1490790037317,2832.586017650411,24.598089141572324,173.1967946739909,2022-11-10 18:41:40,2500.0
250,0.0,1.6929693742297713,2.711024331773316,-6388.3436439814905,-342.74314963796445,2764.0121790574813,23.98229188510825,173.06548020293917,2022-11-10 18:41:50,2510.0
251,0.0,1.6929693742297718,2.721825225526054,-6418.236840102061,-334.2968476127582,2695.1118765234114,23.366447416075047,172.93503706078792,2022-11-10 18:42:00,2520.0
252,0.0,1.6929693742297713,2.7326261192787924,-6447.373953341887,-325.81116705659815,2625.893241753126,22.750557605695604,172.8054322961966,2022-11-10 18:42:10,2530.0
253,0.0,1.6929693742297718,2.7434270130315306,-6475.75153506197,-317.28710679482447,2556.3644445217856,22.1346242643259,172.67663393826118,2022-11-10 18:42:20,2540.0
254,0.0,1.6929693742297725,2.7542279067842683,-6503.366226265429,-308.7256702317251,2486.533691707693,21.518649144517905,172.54861094743097,2022-11-10 18:42:30,2550.0
255,0.0,1.692969374229773,2.7650288005370065,-6530.214758015379,-300.12786523196144,2416.4092263198972,20.902633943931384,172.42133316883888,2022-11-10 18:42:40,2560.0
256,0.0,1.6929693742038985,2.7758296942897416,-6556.2939519358915,-291.4947040070528,2345.999326560371,20.286580308102565,172.29477128789054,2022-11-10 18:42:50,2570.0
257,0.0,1.6929693741780247,2.7866305880424767,-6581.600720320682,-282.82720297834214,2275.312304720823,19.67048983312623,172.16889678797142,2022-11-10 18:43:00,2580.0
258,0.0,1.6929693741573693,2.797431481795205,-6606.132066793455,-274.12638267311866,2204.356506311642,19.05436406804585,172.0436819101329,2022-11-10 18:43:10,2590.0
259,0.0,1.6929693741573693,2.8082323755479432,-6629.8850865741715,-265.3932675972336,2133.140309025286,18.43820451734417,171.91909961463585,2022-11-10 18:43:20,2600.0
260,0.0,1.6929693741573695,2.8190332693006797,-6652.856966975378,-256.6288861212414,2061.6721217918584,17.822012643189122,171.79512354423545,2022-11-10 18:43:30,2610.0
261,0.0,1.69296937415737,2.829834163053418,-6675.044987580329,-247.83427034841966,1989.9603837104905,17.205789867687752,171.6717279890967,2022-11-10 18:43:40,2620.0
262,0.0,1.6929693741573701,2.8406350568061556,-6696.446520648412,-239.01045599588736,1918.0135630697519,16.58953757489818,171.5488878532362,2022-11-10 18:43:50,2630.0
263,0.0,1.6929693741573715,2.8514359505588938,-6717.059031443919,-230.1584822714771,1845.8401563383563,15.973257112850074,171.42657862239315,2022-11-10 18:44:00,2640.0
264,0.0,1.6929693741573721,2.862236844311632,-6736.880078553364,-221.27939175013128,1773.4486871517897,15.356949795457917,171.30477633324094,2022-11-10 18:44:10,2650.0
265,0.0,1.6929693741573724,2.87303773806437,-6755.907314191326,-212.37423024980208,1700.847705295123,14.74061690435508,171.18345754385334,2022-11-10 18:44:20,2660.0
266,0.0,1.6929693741573724,2.883838631817108,-6774.1384844946715,-203.44404670689755,1628.0457856820365,14.12425969065473,171.06259930534472,2022-11-10 18:44:30,2670.0
267,0.0,1.6929693741573726,2.894639525569846,-6791.571429805233,-194.4898930512794,1555.0515273302772,13.507879376641453,170.94217913460895,2022-11-10 18:44:40,2680.0
268,0.0,1.6929693741573733,2.905440419322584,-6808.204084940727,-185.512824080831,1481.8735523336213,12.891477157398695,170.82217498808552,2022-11-10 18:44:50,2690.0
269,0.0,1.6929693741573741,2.916241313075322,-6824.03447945398,-176.51389733561905,1408.5205048305756,12.275054202375735,170.70256523648527,2022-11-10 18:45:00,2700.0
270,0.0,1.6929693741573755,2.9270422068280624,-6839.060737880385,-167.49417297166002,1335.0010499698562,11.658611656898952,170.58332864041196,2022-11-10 18:45:10,2710.0
271,0.0,1.692969374154198,2.937843100744978,-6853.281079882135,-158.4547136278932,1261.3238728451433,11.042150643630178,170.4644443268198,2022-11-10 18:45:20,2720.0
272,0.0,1.6929693741541982,2.9486439944977163,-6866.693820837464,-149.39658432474437,1187.4976775644063,10.42567226388854,170.34589176623527,2022-11-10 18:45:30,2730.0
273,0.0,1.6929693741541993,2.9594448882504545,-6879.297371504137,-140.3208522987242,1113.5311860438976,9.809177599349175,170.22765075076722,2022-11-10 18:45:40,2740.0
274,0.0,1.6929693741541993,2.9702457820031922,-6891.090238584875,-131.22858690006152,1039.4331370698424,9.192667712890815,170.10970137266492,2022-11-10 18:45:50,2750.0
275,0.0,1.6929693741541998,2.98104667575593,-6902.071024823835,-122.1208594584938,965.2122852237469,8.576143650177727,169.99202400361796,2022-11-10 18:46:00,2760.0
276,0.0,1.692969374154201,2.9918475695086673,-6912.238429182296,-112.9987431550479,890.8773998319377,7.959606440836946,169.87459927457414,2022-11-10 18:46:10,2770.0
277,0.0,1.6929693741542011,3.0026484632614245,-6921.591246998307,-103.86331289348483,816.4372639124599,7.343057099672354,169.75740805609857,2022-11-10 18:46:20,2780.0
278,0.0,1.6929693741542011,3.013449357014182,-6930.128370150618,-94.71564517178027,741.9006731220674,6.7264966278478155,169.6404314392195,2022-11-10 18:46:30,2790.0
279,0.0,1.692969374154201,3.024250250766939,-6937.848787185798,-85.55681795295253,667.2764346983006,6.109926014042873,169.5236507167196,2022-11-10 18:46:40,2800.0
280,0.0,1.692969374154201,3.0350511445196893,-6944.751583450665,-76.38791053597409,592.5733664020305,5.493346235583901,169.40704736483283,2022-11-10 18:46:50,2810.0
281,0.0,1.6929693741542007,3.0458520382724252,-6950.835941206232,-67.21000342639182,517.800295457754,4.876758259550962,169.29060302530755,2022-11-10 18:47:00,2820.0
282,0.0,1.6929693741542016,3.0566529320251616,-6956.101139727417,-58.024178206744985,442.9660574923603,4.260163043864767,169.1742994877992,2022-11-10 18:47:10,2830.0
283,0.0,1.692969374154202,3.0674538257778976,-6960.546555399244,-48.831517406950276,368.07949547347334,3.6435615383543953,169.0581186725559,2022-11-10 18:47:20,2840.0
284,0.0,1.692969374154203,3.078254719530634,-6964.171661792917,-39.63310437443434,293.149458645954,3.026954685809923,168.9420426133616,2022-11-10 18:47:30,2850.0
285,0.0,1.6929693741542038,3.0890556132833704,-6966.976029731949,-30.430023144195726,218.18480146782258,2.4103434230203726,168.82605344070302,2022-11-10 18:47:40,2860.0
286,0.0,1.6929693741542042,3.0998565070361077,-6968.959327345939,-21.22335830875488,143.19438254531104,1.7937286818006406,168.7101333651259,2022-11-10 18:47:50,2870.0
287,0.0,1.6929693741549738,3.110657400788848,-6970.1213201121745,-12.014194888032662,68.18706356739867,1.1771113900076815,168.594264660748,2022-11-10 18:48:00,2880.0
288,0.0,1.6929693741434992,3.121458294541573,-6970.461870714367,-2.8036181991080955,-6.828291759943841,0.5604924725495466,168.47842964889628,2022-11-10 18:48:10,2890.0
289,0.0,1.692969374131983,3.132259188294298,-6969.980939569953,6.407286273850392,-81.84281878067702,-0.056127147611444106,168.36261068183606,2022-11-10 18:48:20,2900.0
290,0.0,1.6929693741319838,3.143060082047036,-6968.67858449622,15.61743301031116,-156.8476529578069,-0.672746548491316,168.24679012655676,2022-11-10 18:48:30,2910.0
291,0.0,1.692969374132753,3.1538609757997755,-6966.5549603591135,24.825736582530993,-231.83393092886996,-1.2893648080219082,168.1309503485975,2022-11-10 18:48:40,2920.0
292,0.0,1.6929693741327543,3.1646618695525124,-6963.610319565747,34.03111178686907,-306.7927915834052,-1.9059810030573854,168.0150736958623,2022-11-10 18:48:50,2930.0
293,0.0,1.6929693741327543,3.175462763305249,-6959.845011861531,43.232473773622715,-381.7153771249415,-2.522594208433343,167.8991424823937,2022-11-10 18:49:00,2940.0
294,0.0,1.6929693741327547,3.186263657057985,-6955.259484285383,52.428738177166466,-456.59283413625155,-3.139203495932855,167.78313897209142,2022-11-10 18:49:10,2950.0
295,0.0,1.6929693741327545,3.197064550810721,-6949.854281112775,61.61882124601915,-531.4163146439515,-3.7558079332760324,167.6670453623296,2022-11-10 18:49:20,2960.0
296,0.0,1.6929693741327547,3.207865444563457,-6943.630043786549,70.80163997282907,-606.1769771823905,-4.372406583101393,167.5508437674441,2022-11-10 18:49:30,2970.0
297,0.0,1.6929693741327554,3.2186663383162086,-6936.587510837883,79.97611222427305,-680.865987856749,-4.9889985019378145,167.43451620205727,2022-11-10 18:49:40,2980.0
298,0.0,1.6929693741327552,3.229467232068966,-6928.727517786374,89.14115687070719,-755.4745214041408,-5.6055827391636575,167.31804456420693,2022-11-10 18:49:50,2990.0
299,0.0,1.6929693741335246,3.2402681258217254,-6920.050997037976,98.29569391580534,-829.9937622544599,-6.222158335950697,167.2014106182462,2022-11-10 18:50:00,3000.0
300,0.0,1.6929693741335248,3.2510690195744827,-6910.558977767387,107.43864462599365,-904.4149055895325,-6.838724324193256,167.08459597747884,2022-11-10 18:50:10,3010.0
301,0.0,1.6929693741335246,3.261869913327235,-6900.252585786161,116.56893165965667,-978.7291584003635,-7.455279725417816,166.96758208649555,2022-11-10 18:50:20,3020.0
302,0.0,1.692969374133525,3.2726708070799724,-6889.133043399598,125.68547919614628,-1052.9277405427356,-8.071823549671082,166.85035020317423,2022-11-10 18:50:30,3030.0
303,0.0,1.6929693741335248,3.2834717008327106,-6877.201669258968,134.78721306473824,-1127.0018857922203,-8.688354794384944,166.73288138030654,2022-11-10 18:50:40,3040.0
304,0.0,1.6929693741335259,3.2942725945854487,-6864.459878185898,143.87306087300536,-1200.942842894526,-9.304872443216519,166.6151564468123,2022-11-10 18:50:50,3050.0
305,0.0,1.692969374133526,3.3050734883381865,-6850.909180996991,152.94195213519373,-1274.741876615683,-9.921375464857187,166.4971559885013,2022-11-10 18:51:00,3060.0
306,0.0,1.692969374133527,3.3158743820909247,-6836.551184312946,161.99281840024233,-1348.3902687893162,-10.537862811813229,166.37886032834018,2022-11-10 18:51:10,3070.0
307,0.0,1.6929693741333447,3.3266752724178006,-6821.387588636183,171.0245932451063,-1421.879318770453,-11.154333419151817,166.26024950618148,2022-11-10 18:51:20,3080.0
308,0.0,1.6929693741333451,3.337476166170541,-6805.420195020813,180.03621294253603,-1495.200346865227,-11.770786201342768,166.14130325819173,2022-11-10 18:51:30,3090.0
309,0.0,1.6929693741333458,3.348277059923279,-6788.650894508626,189.02661577345205,-1568.3446917534275,-12.387220058736867,166.02200099419377,2022-11-10 18:51:40,3100.0
310,0.0,1.6929693741333456,3.3590779536760174,-6771.081674789279,197.99474269957034,-1641.303713959893,-13.003633863971512,165.9023217773176,2022-11-10 18:51:50,3110.0
311,0.0,1.6929693741333467,3.3698788474287555,-6752.71461822343,206.93953735258842,-1714.068796273168,-13.6200264690399,165.78224429984823,2022-11-10 18:52:00,3120.0
312,0.0,1.6929693741333474,3.3806797411814937,-6733.551901580668,215.85994616015904,-1786.6313447756822,-14.236396701615112,165.6617468598601,2022-11-10 18:52:10,3130.0
313,0.0,1.6929693741333485,3.391480634934232,-6713.595795765744,224.75491847144846,-1858.9827898705164,-14.852743363528992,165.54080733668255,2022-11-10 18:52:20,3140.0
314,0.0,1.6929693741333487,3.40228152868697,-6692.848665533107,233.62340668228097,-1931.1145873046844,-15.469065229193665,165.41940316545802,2022-11-10 18:52:30,3150.0
315,0.0,1.6929693741333494,3.4130824224397083,-6671.312969189896,242.46436635983778,-2003.0182191887257,-16.085361043962436,165.2975113107287,2022-11-10 18:52:40,3160.0
316,0.0,1.6929693741333498,3.4238833161924465,-6648.991258287371,251.27675636691092,-2074.6851950126093,-16.701629522424977,165.1751082389836,2022-11-10 18:52:50,3170.0
317,0.0,1.6929693741333505,3.4346842099451846,-6625.886177300876,260.05953898567043,-2146.1070526575854,-17.31786934663357,165.05216989009358,2022-11-10 18:53:00,3180.0
318,0.0,1.6929693741333516,3.4454851036979224,-6602.00046329839,268.8116800409498,-2217.275359404045,-17.93407916425378,164.92867164755845,2022-11-10 18:53:10,3190.0
319,0.0,1.6929693741126524,3.456285997450651,-6577.336945666999,277.5321490270759,-2288.181712963865,-18.550257586635976,164.80458830748435,2022-11-10 18:53:20,3200.0
320,0.0,1.6929693740867786,3.4670868912033863,-6551.898545574065,286.21991921929157,-2358.817742403393,-19.16640318683723,164.67989404620468,2022-11-10 18:53:30,3210.0
321,0.0,1.6929693740609042,3.4778877849561214,-6525.68827574503,294.87396780387064,-2429.17510919706,-19.78251449740803,164.55456238645877,2022-11-10 18:53:40,3220.0
322,0.0,1.6929693740381928,3.4886886787088547,-6498.709240067762,303.49327599812597,-2499.2455082097695,-20.398590008287954,164.42856616201655,2022-11-10 18:53:50,3230.0
323,0.0,1.6929693740381928,3.499489572461593,-6470.964633121415,312.07682916571036,-2569.0206686442752,-21.014628164483785,164.30187748065967,2022-11-10 18:54:00,3240.0
324,0.0,1.692969374038193,3.510290466214331,-6442.457740030208,320.6236169526709,-2638.492355137846,-21.630627363612085,164.17446768540324,2022-11-10 18:54:10,3250.0
325,0.0,1.692969374038193,3.5210913599670692,-6413.191935785594,329.1326333897854,-2707.6523686148676,-22.24658595349791,164.04630731383102,2022-11-10 18:54:20,3260.0
326,0.0,1.6929693740381928,3.5318922537198074,-6383.170684917452,337.602877017153,-2776.4925472992454,-22.862502229355243,163.91736605544017,2022-11-10 18:54:30,3270.0
327,0.0,1.692969374038193,3.542693147472545,-6352.397541063113,346.03335100233545,-2845.004767679722,-23.478374431052114,163.7876127068321,2022-11-10 18:54:40,3280.0
328,0.0,1.6929693740389617,3.553494041225305,-6320.876146525545,354.42306325786143,-2913.180945469793,-24.094200740171704,163.6570151246211,2022-11-10 18:54:50,3290.0
329,0.0,1.692969374038962,3.564294934978062,-6288.610231821361,362.77102655805334,-2981.013036562268,-24.709979276919984,163.52554017590052,2022-11-10 18:55:00,3300.0
330,0.0,1.6929693740389617,3.575095828730819,-6255.603615217839,371.076258655184,-3048.493037978059,-25.325708096868578,163.39315368610096,2022-11-10 18:55:10,3310.0
331,0.0,1.692969374038961,3.5858967224835765,-6221.860202259739,379.33778239493967,-3115.6129888093237,-25.941385187522254,163.25982038406,2022-11-10 18:55:20,3320.0
332,0.0,1.6929693740389609,3.5966976162363333,-6187.383985285749,387.55462583117367,-3182.36497115683,-26.557008464698477,163.12550384411216,2022-11-10 18:55:30,3330.0
333,0.0,1.6929693740389615,3.6074985099890906,-6152.179042934693,395.72582233994297,-3248.7411110612857,-27.172575768706338,162.99016642499151,2022-11-10 18:55:40,3340.0
334,0.0,1.6929693740389617,3.618299403741848,-6116.249539641577,403.8504107328195,-3314.7335794286714,-27.788084860309866,162.85376920532468,2022-11-10 18:55:50,3350.0
335,0.0,1.692969374038962,3.629100297494605,-6079.5997251235485,411.92743536943107,-3380.3345929493794,-28.403533416461393,162.7162719154747,2022-11-10 18:56:00,3360.0
336,0.0,1.692969374038963,3.6399011912473624,-6042.233933855886,419.95594626926294,-3445.536415011061,-29.01891902578809,162.57763286547697,2022-11-10 18:56:10,3370.0
337,0.0,1.692969374038963,3.6507020850001006,-6004.156584538505,427.9349992226954,-3510.3313566053257,-29.6342391838139,162.43780886878932,2022-11-10 18:56:20,3380.0
338,0.0,1.6929693740389624,3.661502978752839,-5965.372179551175,435.8636559011775,-3574.711777227108,-30.249491287897918,162.29675516155478,2022-11-10 18:56:30,3390.0
339,0.0,1.6929693740389626,3.672303872505577,-5925.885304401238,443.7409839667223,-3638.67008576868,-30.8646726318686,162.15442531705304,2022-11-10 18:56:40,3400.0
340,0.0,1.692969374038963,3.683104766258315,-5885.700627160296,451.56605718051213,-3702.198741406163,-31.479780400331116,162.01077115498845,2022-11-10 18:56:50,3410.0
341,0.0,1.6929693740397327,3.693905660011055,-5844.822897891743,459.3379555106884,-3765.290254479405,-32.09481166262384,161.8657426452353,2022-11-10 18:57:00,3420.0
342,0.0,1.6929693740405019,3.704706553763796,-5803.25694806894,467.0557652393318,-3827.9371873650493,-32.70976336639727,161.71928780562843,2022-11-10 18:57:10,3430.0
343,0.0,1.6929693740412715,3.715507447516536,-5761.00768998407,474.71857906856366,-3890.132155342552,-33.324632330787516,161.5713525933534,2022-11-10 18:57:20,3440.0
344,0.0,1.6929693740420404,3.726308341269277,-5718.080116147742,482.32549622581064,-3951.8678274531353,-33.939415239152694,161.4218807894521,2022-11-10 18:57:30,3450.0
345,0.0,1.6929693740428096,3.7371092350220168,-5674.479298679635,489.8756225681882,-4013.136927351544,-34.55410863133921,161.27081387591903,2022-11-10 18:57:40,3460.0
346,0.0,1.6929693740435785,3.7479101287747576,-5630.2103886900095,497.36807068601115,-4073.932234150636,-35.1687088954402,161.118090904817,2022-11-10 18:57:50,3470.0
347,0.0,1.6929693740443479,3.758711022527498,-5585.278615652413,504.8019600054068,-4134.246583258533,-35.783212259008245,160.96364835879234,2022-11-10 18:58:00,3480.0
348,0.0,1.6929693740443486,3.769511916280236,-5539.689286767583,512.1764168900332,-4194.072867208377,-36.39761477967692,160.8074200023135,2022-11-10 18:58:10,3490.0
349,0.0,1.6929693740451186,3.780312810032977,-5493.447786318667,519.4905747418657,-4253.404036480501,-37.011912335144714,160.64933672289789,2022-11-10 18:58:20,3500.0
350,0.0,1.6929693740458882,3.791113703785717,-5446.559575017881,526.7435741010905,-4312.233100317172,-37.626100612469315,160.48932636152387,2022-11-10 18:58:30,3510.0
351,0.0,1.6929693740466583,3.801914597538458,-5399.030189344677,533.9345627450466,-4370.5531275294625,-38.240175096616774,160.32731353135281,2022-11-10 18:58:40,3520.0
352,0.0,1.6929693740466587,3.812715491291196,-5350.86524087556,541.0626957862356,-4428.3572472965125,-38.854131058201894,160.16321942380478,2022-11-10 18:58:50,3530.0
353,0.0,1.6929693740474292,3.8235163850439364,-5302.070415605672,548.1271357693499,-4485.638649956759,-39.467963540354,159.9969616009412,2022-11-10 18:59:00,3540.0
354,0.0,1.6929693740481984,3.834317278796677,-5252.6514732621845,555.1270527674064,-4542.390587791568,-40.08166734463163,159.82845377301106,2022-11-10 18:59:10,3550.0
355,0.0,1.692969374048968,3.8451181725494172,-5202.61424660968,562.0616244768353,-4598.606375800605,-40.695237015908546,159.65760555990556,2022-11-10 18:59:20,3560.0
356,0.0,1.6929693740497374,3.8559190663021576,-5151.96464074761,568.9300363116547,-4654.2793924692805,-41.30866682613717,159.48432223514692,2022-11-10 18:59:30,3570.0
357,0.0,1.6929693740505074,3.866719960054898,-5100.708632399894,575.7314814966049,-4709.403080528043,-41.92195075689423,159.3085044509014,2022-11-10 18:59:40,3580.0
358,0.0,1.6929693740512761,3.8775208538076384,-5048.852269196835,582.4651611593316,-4763.97094770355,-42.53508248059947,159.1300479423583,2022-11-10 18:59:50,3590.0
359,0.0,1.692969374052046,3.8883217475603793,-4996.401668949416,589.1302844215486,-4817.9765674614855,-43.14805534028847,158.94884320965005,2022-11-10 19:00:00,3600.0
360,0.0,1.6929693740528153,3.8991226413131197,-4943.363018916038,595.726068489188,-4871.413579741159,-43.7608623278074,158.7647751753049,2022-11-10 19:00:10,3610.0
361,0.0,1.6929693740535845,3.90992353506586,-4889.7425750620205,602.2517387415415,-4924.275691681643,-44.373496060285866,158.57772281501698,2022-11-10 19:00:20,3620.0
362,0.0,1.6929693740543539,3.9207244288186005,-4835.546661311654,608.7065288193587,-4976.556678339547,-44.985948754725094,158.38755875929076,2022-11-10 19:00:30,3630.0
363,0.0,1.6929693740551233,3.931525322571341,-4780.781668793152,615.0896807119495,-5028.250383398284,-45.5982122005263,158.19414886325868,2022-11-10 19:00:40,3640.0
364,0.0,1.692969374055893,3.942326216324081,-4725.454055076556,621.4004448432136,-5079.35071986874,-46.21027772976047,157.9973517416865,2022-11-10 19:00:50,3650.0
365,0.0,1.6929693740566625,3.9531271100768217,-4669.570343404644,627.6380801566338,-5129.851670781416,-46.82213618496084,157.7970182658588,2022-11-10 19:01:00,3660.0
366,0.0,1.6929693740574316,3.963928003829562,-4613.137121917002,633.8018541992269,-5179.74728986984,-47.433777884196274,157.59299101867865,2022-11-10 19:01:10,3670.0
367,0.0,1.692969374058201,3.9747288975823025,-4556.161042867374,639.8910432044263,-5229.031702245349,-48.045192583153735,157.38510370391145,2022-11-10 19:01:20,3680.0
368,0.0,1.6929693740589704,3.985529791335043,-4498.648821834379,645.9049321739071,-5277.699105063044,-48.65636943392968,157.17318050505006,2022-11-10 19:01:30,3690.0
369,0.0,1.6929693740597398,3.9963306850877833,-4440.607236925676,651.8428149583378,-5325.74376817895,-49.26729694019295,156.95703538876836,2022-11-10 19:01:40,3700.0
370,0.0,1.692969374060509,4.007131578840523,-4382.043127975733,657.7039943370613,-5373.160034798421,-49.87796290834472,156.73647134735552,2022-11-10 19:01:50,3710.0
371,0.0,1.6929693740612792,4.017932472593264,-4322.963395737287,663.4877820966732,-5419.942322115503,-50.48835439425477,156.51127957387442,2022-11-10 19:02:00,3720.0
372,0.0,1.6929693740620486,4.028733366346005,-4263.37500106659,669.1934991085658,-5466.08512194349,-51.0984576451022,156.28123856305615,2022-11-10 19:02:10,3730.0
373,0.0,1.6929693740628184,4.039534260098746,-4203.284964102604,674.8204754053096,-5511.583001336406,-51.708258035793186,156.04611313011156,2022-11-10 19:02:20,3740.0
374,0.0,1.6929693740635883,4.050335153851487,-4142.700363440113,680.3680502560055,-5556.430603201554,-52.31773999936028,155.80565333870402,2022-11-10 19:02:30,3750.0
375,0.0,1.6929693740643583,4.0611360476042275,-4081.628335297086,685.8355722404843,-5600.622646902921,-52.92688695067563,155.5595933282588,2022-11-10 19:02:40,3760.0
376,0.0,1.692969374065128,4.0719369413569675,-4020.0760726761255,691.2223993224345,-5644.153928855567,-53.5356812027216,155.30765002957682,2022-11-10 19:02:50,3770.0
377,0.0,1.692969374065898,4.0827378351097074,-3958.0508245203264,696.52789892141,-5687.01932311084,-54.14410387456909,155.0495217563377,2022-11-10 19:03:00,3780.0
378,0.0,1.6929693740666676,4.093538728862448,-3895.5598948635866,701.7514479837074,-5729.21378193242,-54.75213479009726,154.78488665851168,2022-11-10 19:03:10,3790.0
379,0.0,1.692969374067437,4.104339622615189,-3832.610641975346,706.8924330521656,-5770.73233636324,-55.35975236636254,154.51340102190255,2022-11-10 19:03:20,3800.0
380,0.0,1.692969374068206,4.11514051636793,-3769.210477500112,711.9502503347868,-5811.570096783035,-55.96693349037714,154.23469739599662,2022-11-10 19:03:30,3810.0
381,0.0,1.692969374068975,4.12594141012067,-3705.3668655915735,716.9243057722906,-5851.722253456798,-56.57365338288319,153.94838252994765,2022-11-10 19:03:40,3820.0
382,0.0,1.6929693740689755,4.13674230387341,-3641.087322041688,721.8140151044929,-5891.184077073842,-57.17988544751732,153.65403509383592,2022-11-10 19:03:50,3830.0
383,0.0,1.6929693740697458,4.147543197626151,-3576.379413404644,726.6188039355716,-5929.950919277555,-57.78560110352628,153.351203159255,2022-11-10 19:04:00,3840.0
384,0.0,1.6929693740705154,4.158344091378892,-3511.2507561158955,731.3381077982095,-5968.018213185867,-58.39076959993464,153.03940140972645,2022-11-10 19:04:10,3850.0
385,0.0,1.6929693740712843,4.1691449851316325,-3445.7090156063105,735.9713722165693,-6005.381473902309,-58.995357808756054,152.71810804735742,2022-11-10 19:04:20,3860.0
386,0.0,1.692969374072053,4.179945878884372,-3379.7619054116512,740.5180527681439,-6042.0362990176445,-59.59932999448269,152.38676135744151,2022-11-10 19:04:30,3870.0
387,0.0,1.6929693740728222,4.190746772637112,-3313.417186277293,744.9776151444587,-6077.978369102154,-60.20264755666861,152.0447558872616,2022-11-10 19:04:40,3880.0
388,0.0,1.6929693740735914,4.201547666389853,-3246.6826652584696,749.3495352106214,-6113.203448188458,-60.80526874193805,151.6914381890615,2022-11-10 19:04:50,3890.0
389,0.0,1.6929693740743614,4.212348560142594,-3179.5661948160305,753.6332990637347,-6147.707384244831,-61.40714832117362,151.32610206987164,2022-11-10 19:05:00,3900.0
390,0.0,1.6929693740751306,4.223149453895335,-3112.0756719078563,757.8284030901355,-6181.48610963908,-62.00823722697012,150.94798328243644,2022-11-10 19:05:10,3910.0
391,0.0,1.6929693740759002,4.233950347648076,-3044.2190370759663,761.9343540214976,-6214.535641592941,-62.60848214564839,150.5562535817034,2022-11-10 19:05:20,3920.0
392,0.0,1.6929693740766698,4.244751241400816,-2976.0042735295215,765.9506689897567,-6246.852082626889,-63.20782505719089,150.15001405997302,2022-11-10 19:05:30,3930.0
393,0.0,1.6929693740774396,4.255552135153556,-2907.4394062237184,769.8768755809006,-6278.431620995444,-63.80620271535613,149.72828766061627,2022-11-10 19:05:40,3940.0
394,0.0,1.6929693740759773,4.266353028906333,-2838.5325009339135,773.7125118877027,-6309.270531112528,-64.40354605892469,149.29001075493107,2022-11-10 19:05:50,3950.0
395,0.0,1.6929693740507268,4.27715392265907,-2769.2916633213517,777.4571265622993,-6339.365173965998,-64.9997795434797,148.83402364889574,2022-11-10 19:06:00,3960.0
396,0.0,1.6929693740248528,4.287954816411806,-2699.7250380209343,781.1102788621652,-6368.711997530428,-65.59482038129686,148.35905986585945,2022-11-10 19:06:10,3970.0
397,0.0,1.6929693740256226,4.298755710164546,-2629.8408076916216,784.6715387025349,-6397.307537163402,-66.18857767451858,147.86373402747472,2022-11-10 19:06:20,3980.0
398,0.0,1.6929693739996161,4.309556603917283,-2559.6471920487625,788.1404867083918,-6425.148415974054,-66.78095142468148,147.34652812668483,2022-11-10 19:06:30,3990.0
399,0.0,1.6929693739743656,4.32035749767002,-2489.1524469733217,791.5167142525845,-6452.231345231299,-67.37183139800933,146.80577595502461,2022-11-10 19:06:40,4000.0
400,0.0,1.6929693739751352,4.331158391422762,-2418.3648635387426,794.7998235061636,-6478.553124719895,-67.9610958218218,146.23964541010108,2022-11-10 19:06:50,4010.0
401,0.0,1.6929693739498843,4.341959285175499,-2347.292767032891,797.9894274857446,-6504.110643071603,-68.54860988410834,145.64611836480879,2022-11-10 19:07:00,4020.0
402,0.0,1.6929693739506537,4.352760178928259,-2275.944516068574,801.0851500891847,-6528.900878171871,-69.13422400164526,145.02296773341052,2022-11-10 19:07:10,4030.0
403,0.0,1.6929693739514233,4.363561072681,-2204.328501562575,804.0866261449788,-6552.920897438618,-69.71777181553196,144.36773131565943,2022-11-10 19:07:20,4040.0
404,0.0,1.6929693739521927,4.3743619664337405,-2132.4531458125425,806.9935014490009,-6576.167858186564,-70.29906786642134,143.67768193741884,2022-11-10 19:07:30,4050.0
405,0.0,1.692969373952962,4.3851628601864805,-2060.326901525064,809.8054328053161,-6598.639007938482,-70.87790489032336,142.94979334471157,2022-11-10 19:07:40,4060.0
406,0.0,1.6929693739537315,4.395963753939221,-1987.9582508499684,812.522088064653,-6620.331684734995,-71.45405066602282,142.18070123652768,2022-11-10 19:07:50,4070.0
407,0.0,1.6929693739545013,4.406764647691961,-1915.3557044117974,815.1431461617788,-6641.243317434806,-72.0272443306243,141.36665875515706,2022-11-10 19:08:00,4080.0
408,0.0,1.6929693739552698,4.417565541444702,-1842.5278003386393,817.6682971516442,-6661.371426005138,-72.59719206366186,140.5034856905716,2022-11-10 19:08:10,4090.0
409,0.0,1.6929693739560392,4.428366435197442,-1769.4831032882153,820.097242244349,-6680.713621802454,-73.16356202076878,139.58651061072158,2022-11-10 19:08:20,4100.0
410,0.0,1.6929693739568081,4.439167328950183,-1696.2302034714376,822.4296938389418,-6699.2676078434215,-73.72597837507601,138.61050511869107,2022-11-10 19:08:30,4110.0
411,0.0,1.6929693739575769,4.449968222702923,-1622.7777156735137,824.6653755559946,-6717.031179066069,-74.28401429799628,137.56960948716417,2022-11-10 19:08:40,4120.0
412,0.0,1.6929693739583462,4.460769116455663,-1549.134278272672,826.8040222690108,-6734.002222581179,-74.83718368087258,136.45724907173272,2022-11-10 19:08:50,4130.0
413,0.0,1.6929693739591154,4.471570010208404,-1475.3085522565316,828.8453801346573,-6750.178717913937,-75.38493136563675,135.26604121993122,2022-11-10 19:09:00,4140.0
414,0.0,1.6929693739598852,4.482370903961145,-1401.3092202362618,830.7892066217612,-6765.5587372357,-75.9266216175805,133.98769296663554,2022-11-10 19:09:10,4150.0
415,0.0,1.6929693739606544,4.4931717977138845,-1327.1449854586144,832.6352705391505,-6780.140445586029,-76.46152453961261,132.6128907776247,2022-11-10 19:09:20,4160.0
416,0.0,1.6929693739606555,4.503972691466623,-1252.8245708158788,834.3833520622879,-6793.922101084854,-76.9888001006279,131.13118517323613,2022-11-10 19:09:30,4170.0
417,0.0,1.6929693739614242,4.514773585219363,-1178.3567178538278,836.0332427586918,-6806.902055134853,-77.50747944075057,129.5308755185483,2022-11-10 19:09:40,4180.0
418,0.0,1.692969373962193,4.5255744789721035,-1103.7501857778075,837.5847456122035,-6819.078752613956,-78.01644313977927,127.79890399644992,2022-11-10 19:09:50,4190.0
419,0.0,1.6929693739629623,4.5363753727248435,-1029.013750456972,839.0376750459993,-6830.450732058038,-78.51439621872078,125.92077329582528,2022-11-10 19:10:00,4200.0
420,0.0,1.692969373963732,4.547176266477584,-954.1562034267336,840.3918569444523,-6841.016625833762,-78.99983982893595,123.8805104647322,2022-11-10 19:10:10,4210.0
421,0.0,1.6929693739645009,4.557977160230324,-879.186350889674,841.6471286737802,-6850.775160301502,-79.47103992994647,121.66071033684183,2022-11-10 19:10:20,4220.0
422,0.0,1.6929693739652696,4.568778053983064,-804.1130127147289,842.803339101466,-6859.725155968472,-79.92599385045229,119.24270637726083,2022-11-10 19:10:30,4230.0
423,0.0,1.6929693739660387,4.579578947735804,-728.9450214349026,843.8603486145071,-6867.865527631909,-80.36239657708212,116.60693446615964,2022-11-10 19:10:40,4240.0
424,0.0,1.6929693739668077,4.590379841488545,-653.6912212436418,844.818029136459,-6875.195284512435,-80.7776100435881,113.7335742136451,2022-11-10 19:10:50,4250.0
425,0.0,1.6929693739675769,4.601180735241285,-578.3604669897127,845.6762641432443,-6881.713530377429,-81.16864069514617,110.60356799587647,2022-11-10 19:11:00,4260.0
426,0.0,1.6929693739683462,4.611981628994025,-502.9616231709556,846.4349486777976,-6887.419463654566,-81.53213316178282,107.2001201499509,2022-11-10 19:11:10,4270.0
427,0.0,1.6929693739691158,4.622782522746766,-427.5035629267427,847.0939893634619,-6892.312377535414,-81.86439071010558,103.51075113478252,2022-11-10 19:11:20,4280.0
428,0.0,1.6929693739698852,4.633583416499506,-351.9951670293199,847.6533044162164,-6896.391660069087,-82.16143548919894,99.52990148257322,2022-11-10 19:11:30,4290.0
429,0.0,1.6929693739706542,4.644384310252246,-276.44532287414995,848.112823655648,-6899.656794245968,-82.41912199624699,95.26192663701842,2022-11-10 19:11:40,4300.0
430,0.0,1.6929693739706544,4.655185204004984,-200.86292346933578,848.4724885147601,-6902.107358071487,-82.63331356534138,90.72409376150883,2022-11-10 19:11:50,4310.0
431,0.0,1.692969373971424,4.665986097757724,-125.25686642404526,848.7322520485249,-6903.743024629961,-82.8001219356068,85.94892949521179,2022-11-10 19:12:00,4320.0
432,0.0,1.6929693739721934,4.676786991510464,-49.636052936256874,848.892078941267,-6904.563562138408,-82.91619353196015,80.9850866467696,2022-11-10 19:12:10,4330.0
433,0.0,1.6929693739729625,4.687587885263204,25.990613220321393,848.9519455127895,-6904.5688339904245,-82.97900603443229,75.89596163130207,2022-11-10 19:12:20,4340.0
434,0.0,1.692969373973732,4.698388779015944,101.61422670993397,848.9118397233105,-6903.758798790077,-82.9871226919484,70.75572587154339,2022-11-10 19:12:30,4350.0
435,0.0,1.692969373973732,4.709189672768681,177.2258816489939,848.7717611771718,-6902.133510375758,-82.94034936339612,65.64317900404835,2022-11-10 19:12:40,4360.0
436,0.0,1.6929693739745013,4.719990566521421,252.81667262088922,848.5317211253146,-6899.693117834078,-82.83975624956989,60.63459636278714,2022-11-10 19:12:50,4370.0
437,0.0,1.6929693739752714,4.730791460274162,328.3776956910815,848.1917424665703,-6896.437865503656,-82.6875588320372,55.797130094980545,2022-11-10 19:13:00,4380.0
438,0.0,1.6929693739752716,4.741592354026899,403.9000494226266,847.7518597476991,-6892.368092968969,-82.48688745010566,51.18410786211499,2022-11-10 19:13:10,4390.0
439,0.0,1.6929693739760407,4.75239324777964,479.3748358919288,847.2121191622044,-6887.484235044101,-82.24149751496586,46.83288204017222,2022-11-10 19:13:20,4400.0
440,0.0,1.6929693739768104,4.763194141532379,554.7931617045751,846.572578547939,-6881.786821746407,-81.95547547750667,42.76509167783901,2022-11-10 19:13:30,4410.0
441,0.0,1.6929693739768106,4.773995035285117,630.146139011425,845.8333073834905,-6875.276478260183,-81.63298266347014,38.98865750908185,2022-11-10 19:13:40,4420.0
442,0.0,1.6929693739775797,4.784795929037857,705.4248865246041,844.9943867832995,-6867.953924890213,-81.27805924106889,35.50066389109763,2022-11-10 19:13:50,4430.0
443,0.0,1.692969373978349,4.795596822790598,780.6205305334138,844.0559094915898,-6859.8199770051815,-80.89449254782144,32.29040701160939,2022-11-10 19:14:00,4440.0
444,0.0,1.692969373979118,4.806397716543338,855.7242059201644,843.017979875043,-6850.87554497107,-80.48574218814953,29.34214162935374,2022-11-10 19:14:10,4450.0
445,0.0,1.6929693739798868,4.817198610296078,930.7270571757153,841.8807139142522,-6841.121634074354,-80.05490904096273,26.637305760382976,2022-11-10 19:14:20,4460.0
446,0.0,1.6929693739806564,4.827999504048819,1005.6202394147253,840.6442391939381,-6830.559344435129,-79.60473475517723,24.156180551060853,2022-11-10 19:14:30,4470.0
447,0.0,1.6929693739814256,4.83880039780156,1080.3949193905069,839.3086948919287,-6819.189870910057,-79.13762026100584,21.879042794362856,2022-11-10 19:14:40,4480.0
448,0.0,1.6929693739814258,4.849601291554297,1155.0422765093958,837.874231766893,-6807.014502985157,-78.65565462029936,19.786908323536437,2022-11-10 19:14:50,4490.0
449,0.0,1.692969373981426,4.860402185307035,1229.55350384453,836.3410121448542,-6794.034624658469,-78.16064822705158,17.86196915886957,2022-11-10 19:15:00,4500.0
450,0.0,1.6929693739821952,4.871203079059775,1303.9198091490152,834.7092099044366,-6780.251714312502,-77.65416654769527,16.08781436788025,2022-11-10 19:15:10,4510.0
451,0.0,1.6929693739821952,4.882003972812513,1378.132415868292,832.9790104609044,-6765.667344576506,-77.13756218353024,14.449505866894684,2022-11-10 19:15:20,4520.0
452,0.0,1.6929693739829643,4.892804866565253,1452.182564151743,831.1506107489349,-6750.283182178535,-76.61200411816479,12.933562002770337,2022-11-10 19:15:30,4530.0
453,0.0,1.692969373983734,4.903605760317993,1526.0615118633723,829.2242192041365,-6734.100987787302,-76.07850370075779,11.527886271746613,2022-11-10 19:15:40,4540.0
454,0.0,1.6929693739845033,4.914406654070734,1599.7605355914693,827.2000557433373,-6717.122615843789,-75.53793732636576,10.221666559834844,2022-11-10 19:15:50,4550.0
455,0.0,1.692969373985272,4.925207547823474,1673.2709316571518,825.0783517436334,-6699.350014382679,-74.99106600053346,9.005261525289523,2022-11-10 19:16:00,4560.0
456,0.0,1.692969373986041,4.936008441576215,1746.5840171218424,822.859350020153,-6680.785224843435,-74.43855208411263,7.870084577009801,2022-11-10 19:16:10,4570.0
457,0.0,1.6929693739868106,4.946809335328955,1819.6911307933378,820.5433048026109,-6661.43038187122,-73.8809735525753,6.808491697190688,2022-11-10 19:16:20,4580.0
458,0.0,1.6929693739868106,4.957610229081693,1892.5836342306166,818.1304817105862,-6641.287713107502,-73.31883610220676,5.813676566586515,2022-11-10 19:16:30,4590.0
459,0.0,1.6929693739875797,4.968411122834433,1965.252912747142,815.6211577275279,-6620.359538970317,-72.7525834126495,4.879574650213394,2022-11-10 19:16:40,4600.0
460,0.0,1.6929693739875802,4.979212016587171,2037.6903764126364,813.0156211735566,-6598.648272424408,-72.18260584293783,4.000776775382645,2022-11-10 19:16:50,4610.0
461,0.0,1.6929693739883505,4.990012910339911,2109.8874610532534,810.3141716769612,-6576.1564187408185,-71.60924780314146,3.172452058290016,2022-11-10 19:17:00,4620.0
462,0.0,1.6929693739883507,5.000813804092649,2181.835629249924,807.5171201444579,-6552.88657524645,-71.03281400971595,2.390279654292898,2022-11-10 19:17:10,4630.0
463,0.0,1.69296937398912,5.01161469784539,2253.5263713349696,804.6247887301872,-6528.841431063004,-70.45357480147555,1.650388614541984,2022-11-10 19:17:20,4640.0
464,0.0,1.692969373989121,5.0224155915981274,2324.9512063867223,801.6375108034684,-6504.023766835899,-69.87177066549258,0.949305056858998,2022-11-10 19:17:30,4650.0
465,0.0,1.6929693739891205,5.033216485350866,2396.1016832221685,798.5556309152444,-6478.436454452548,-69.28761609833599,0.2839058549258381,2022-11-10 19:17:40,4660.0
466,0.0,1.692969373989121,5.044017379103604,2466.9693813873755,795.3795047633063,-6452.082456750535,-68.701302907675,-0.34862191340385124,2022-11-10 19:17:50,4670.0
467,0.0,1.69296937398989,5.054818272856345,2537.545912145853,792.1094991562393,-6424.964827215244,-68.11300304206998,-0.9508164598885344,2022-11-10 19:18:00,4680.0
468,0.0,1.6929693739906582,5.065619166609085,2607.822919464422,788.7459919761217,-6397.086709667341,-67.52287102233431,-1.5249723559135084,2022-11-10 19:18:10,4690.0
469,0.0,1.6929693739914273,5.0764200603618255,2677.7920809967454,785.2893721399219,-6368.451337939694,-66.93104603580716,-2.07316774397131,2022-11-10 19:18:20,4700.0
470,0.0,1.6929693739914273,5.087220954114564,2747.4451090643174,781.7400395596719,-6339.062035544006,-66.33765374483511,-2.597288189386995,2022-11-10 19:18:30,4710.0
471,0.0,1.6929693739914273,5.098021847867303,2816.77375163482,778.0984051013087,-6308.922215326998,-65.7428078524231,-3.0990476093047294,2022-11-10 19:18:40,4720.0
472,0.0,1.6929693739914273,5.108822741620041,2885.7697932976707,774.3648905423316,-6278.035379116382,-65.14661146107962,-3.580006659944582,2022-11-10 19:18:50,4730.0
473,0.0,1.6929693739914269,5.119623635372799,2954.425056237267,770.5399285282482,-6246.405117357246,-64.54915825512236,-4.041588913163298,2022-11-10 19:19:00,4740.0
474,0.0,1.6929693739914273,5.1304245291255555,3022.731401201935,766.62396252742,-6214.035108735143,-63.95053353191608,-4.485095109288351,2022-11-10 19:19:10,4750.0
475,0.0,1.6929693739914276,5.141225422878312,3090.680728471169,762.6174467850377,-6180.929119792214,-63.350815103529285,-4.911715734634206,2022-11-10 19:19:20,4760.0
476,0.0,1.6929693739914278,5.152026316631068,3158.2649788189565,758.5208462755813,-6147.091004530899,-62.75007408697275,-5.322542138580937,2022-11-10 19:19:30,4770.0
477,0.0,1.6929693739914284,5.162827210383817,3225.4761344732588,754.3346366539206,-6112.524704006354,-62.14837559840194,-5.718576376048647,2022-11-10 19:19:40,4780.0
478,0.0,1.6929693739914293,5.173628104136553,3292.3062200724526,750.0593042052072,-6077.234245909227,-61.54577936434852,-6.100739936109356,2022-11-10 19:19:50,4790.0
479,0.0,1.6929693739914289,5.184428997889289,3358.7473036246784,745.6953457949859,-6041.22374414998,-60.94234026109768,-6.469881495848324,2022-11-10 19:20:00,4800.0
480,0.0,1.6929693739914295,5.195229891642024,3424.791497450603,741.2432688150731,-6004.497398408673,-60.338108791695824,-6.826783819954122,2022-11-10 19:20:10,4810.0
481,0.0,1.692969373966936,5.2060307853947565,3490.4309592599334,736.7035911609435,-5967.059493925342,-59.73313150869671,-7.172169910482606,2022-11-10 19:20:20,4820.0
482,0.0,1.6929693739587022,5.21683167914748,3555.6578926433795,732.0768410687931,-5928.914400222574,-59.127451389647256,-7.50670849740054,2022-11-10 19:20:30,4830.0
483,0.0,1.6929693739587024,5.227632572900214,3620.4645485227684,727.3635571836406,-5890.066571576177,-58.52110817101432,-7.831018948885965,2022-11-10 19:20:40,4840.0
484,0.0,1.692969373958702,5.238433466652948,3684.8432259691317,722.5642884690265,-5850.520546301138,-57.91413864619837,-8.145675669468556,2022-11-10 19:20:50,4850.0
485,0.0,1.6929693739587024,5.249234360405682,3748.7862729889357,717.6795941184248,-5810.280946026743,-57.30657693159271,-8.451212046190383,2022-11-10 19:21:00,4860.0
486,0.0,1.6929693739587022,5.260035254158412,3812.286087514123,712.7100435093239,-5769.35247530761,-56.69845470473877,-8.74812399464446,2022-11-10 19:21:10,4870.0
487,0.0,1.6929693739587017,5.2708361479111465,3875.3351183445407,707.6562161457913,-5727.739921146031,-56.089801417848115,-9.03687315046635,2022-11-10 19:21:20,4880.0
488,0.0,1.6929693739587022,5.281637041663881,3937.9258660328637,702.5187015899859,-5685.448152424702,-55.48064448958524,-9.31788974613277,2022-11-10 19:21:30,4890.0
489,0.0,1.692969373958678,5.292437934168162,4000.050884079103,697.2980994542132,-5642.482119719649,-54.87100947762529,-9.59157520798835,2022-11-10 19:21:40,4900.0
490,0.0,1.6929693739586784,5.303238827920897,4061.7027787561983,691.9950191224835,-5598.846853475132,-54.26092023387392,-9.858304504011935,2022-11-10 19:21:50,4910.0
491,0.0,1.6929693739586786,5.31403972167363,4122.874211665067,686.610080007491,-5554.547465405267,-53.65039904606492,-10.118428270189598,2022-11-10 19:22:00,4920.0
492,0.0,1.6929693739586784,5.324840615426363,4183.557899507341,681.1439112646661,-5509.589146611635,-53.03946676270028,-10.372274737026116,2022-11-10 19:22:10,4930.0
493,0.0,1.6929693739586786,5.335641509179104,4243.746615264035,675.5971517785271,-5463.9771673478,-52.428142909380774,-10.620151479975013,2022-11-10 19:22:20,4940.0
494,0.0,1.6929693739586789,5.346442402931844,4303.433189072095,669.9704500909318,-5417.7168764251355,-51.81644579264421,-10.862347010232288,2022-11-10 19:22:30,4950.0
495,0.0,1.6929693739586789,5.357243296684576,4362.610509130758,664.2644643336512,-5370.813700653495,-51.204392594609445,-11.099132223039957,2022-11-10 19:22:40,4960.0
496,0.0,1.6929693739586786,5.368044190437309,4421.271522547078,658.4798621510727,-5323.273144202262,-50.59199945905064,-11.33076171786964,2022-11-10 19:22:50,4970.0
497,0.0,1.6929693739586784,5.378845084190041,4479.409236223163,652.617320629013,-5275.100788010267,-49.97928156979266,-11.557475003345692,2022-11-10 19:23:00,4980.0
498,0.0,1.6929693739586786,5.389645977942774,4537.01671771584,646.6775262189652,-5226.302289158992,-49.36625322219467,-11.779497598339645,2022-11-10 19:23:10,4990.0
499,0.0,1.6929693739594476,5.40044687169551,4594.087096093321,640.6611746615604,-5176.883380239281,-48.75292788843006,-11.99704203940196,2022-11-10 19:23:20,5000.0
500,0.0,1.6929693739576606,5.411247765448239,4650.613562817621,634.5689709135496,-5126.849868744992,-48.13931827717005,-12.210308803595163,2022-11-10 19:23:30,5010.0
501,0.0,1.6929693739584304,5.422048659200975,4706.589372495133,628.4016290547518,-5076.207636311412,-47.52543638822918,-12.419487154812174,2022-11-10 19:23:40,5020.0
502,0.0,1.692969373958409,5.432849552953705,4762.007843846046,622.1598722275867,-5024.9626382035,-46.911293562623015,-12.62475592081753,2022-11-10 19:23:50,5030.0
503,0.0,1.6929693739584093,5.443650446706438,4816.862360436551,615.844432541174,-4973.120902531131,-46.29690052854642,-12.826284207454194,2022-11-10 19:24:00,5040.0
504,0.0,1.692969373958409,5.45445134045917,4871.14637155873,609.4560509962832,-4920.688529625937,-45.682267443581715,-13.024232055835903,2022-11-10 19:24:10,5050.0
505,0.0,1.6929693739584093,5.465252234211909,4924.853393020165,602.9954773979372,-4867.671691319752,-45.067403933525874,-13.218751047708045,2022-11-10 19:24:20,5060.0
506,0.0,1.6929693739584097,5.476053127964648,4977.977007988636,596.4634702745711,-4814.076630275824,-44.45231912814777,-13.409984863647786,2022-11-10 19:24:30,5070.0
507,0.0,1.6929693739584095,5.48685402171738,5030.510867764047,589.8607967879647,-4759.909659245565,-43.837021694139615,-13.598069798307186,2022-11-10 19:24:40,5080.0
508,0.0,1.6929693739584093,5.497654915470114,5082.448692590604,583.188232647785,-4705.177160362342,-43.22151986553014,-13.783135236477452,2022-11-10 19:24:50,5090.0
509,0.0,1.6929693739584082,5.5084558092228475,5133.784272450987,576.4465620235962,-4649.885584414666,-42.60582147176792,-13.965304093388589,2022-11-10 19:25:00,5100.0
510,0.0,1.6929693739584086,5.519256702975583,5184.511467848502,569.6365774551887,-4594.041450105924,-41.9899339636888,-14.144693222320573,2022-11-10 19:25:10,5110.0
511,0.0,1.692969373958409,5.530057596728318,5234.6242105765605,562.7590797611851,-4537.651343299969,-41.3738644375513,-14.321413792308576,2022-11-10 19:25:20,5120.0
512,0.0,1.6929693739584093,5.540858490481052,5284.11650449624,555.8148779482646,-4480.721916271571,-40.75761965730003,-14.495571638460893,2022-11-10 19:25:30,5130.0
513,0.0,1.6929693739584093,5.551659384233786,5332.982426293578,548.8047891178159,-4423.259886936288,-40.141206075209915,-14.667267587169535,2022-11-10 19:25:40,5140.0
514,0.0,1.692969373958409,5.56246027798652,5381.216126231073,541.7296383717689,-4365.272038073297,-39.52462985104663,-14.836597758282092,2022-11-10 19:25:50,5150.0
515,0.0,1.6929693739584093,5.5732611717392535,5428.81182889262,534.5902587174053,-4306.765216540204,-38.90789686986605,-15.00365384611191,2022-11-10 19:26:00,5160.0
516,0.0,1.692969373958409,5.584062065491983,5475.763833917577,527.3874909708238,-4247.746332476698,-38.29101275856214,-15.168523380994097,2022-11-10 19:26:10,5170.0
517,0.0,1.692969373958409,5.594862959244717,5522.066516737745,520.1221836603656,-4188.222358508034,-37.67398290126614,-15.331289972938887,2022-11-10 19:26:20,5180.0
518,0.0,1.692969373953708,5.605663852997443,5567.714329206778,512.7951929202379,-4128.200328867228,-37.05681245368888,-15.492033538796916,2022-11-10 19:26:30,5190.0
519,0.0,1.6929693739530922,5.616464746750181,5612.701800619788,505.40738241732674,-4067.687338794213,-36.43950635650303,-15.650830514222706,2022-11-10 19:26:40,5200.0
520,0.0,1.692969373953093,5.6272656405029196,5657.023537979647,497.95962321341085,-4006.6905433963625,-35.8220693477481,-15.807754051627452,2022-11-10 19:26:50,5210.0
521,0.0,1.6929693739530933,5.638066534255654,5700.674226954803,490.45279368584977,-3945.2171569968386,-35.20450597459252,-15.962874205153732,2022-11-10 19:27:00,5220.0
522,0.0,1.692969373953094,5.6488674280083995,5743.648632521983,482.887779421187,-3883.2744522573835,-34.58682060412676,-16.11625810371757,2022-11-10 19:27:10,5230.0
523,0.0,1.6929693739530938,5.65966832176115,5785.941599621668,475.2654731096545,-3820.869759309156,-33.969017433555,-16.267970112965077,2022-11-10 19:27:20,5240.0
524,0.0,1.692969373953094,5.670469215513908,5827.548053832521,467.5867744409572,-3758.010464894036,-33.35110049972115,-16.418071986988018,2022-11-10 19:27:30,5250.0
525,0.0,1.6929693739530949,5.681270109266665,5868.463002024248,459.85258999808127,-3694.7040114897327,-32.7330736880225,-16.566623010551936,2022-11-10 19:27:40,5260.0
526,0.0,1.692969373953095,5.6920710030194215,5908.681533006957,452.0638331505142,-3630.957896430457,-32.114940740767814,-16.71368013252784,2022-11-10 19:27:50,5270.0
527,0.0,1.6929693739530955,5.70287189677216,5948.198818164712,444.22142394601076,-3566.7796710155008,-31.496705265015,-16.85929809116532,2022-11-10 19:28:00,5280.0
528,0.0,1.6929693739530953,5.713672790524898,5987.010112089834,436.32628900215695,-3502.1769396163318,-30.878370739927007,-17.003529531791504,2022-11-10 19:28:10,5290.0
529,0.0,1.6929693739530958,5.724473684277636,6025.110753193009,428.379361395907,-3437.1573587671433,-30.259940523681596,-17.14642511747457,2022-11-10 19:28:20,5300.0
530,0.0,1.6929693739530964,5.735274578030374,6062.4961643133,420.38158055287454,-3371.728636253547,-29.641417859966854,-17.288033633147446,2022-11-10 19:28:30,5310.0
531,0.0,1.692969373953097,5.7460754717831115,6099.161853315369,412.3338921355114,-3305.8985301920916,-29.022805884089536,-17.428402083649253,2022-11-10 19:28:40,5320.0
532,0.0,1.6929693739530975,5.75687636553585,6135.103413676527,404.2372479303029,-3239.6748481019813,-28.404107628725875,-17.56757578610532,2022-11-10 19:28:50,5330.0
533,0.0,1.6929693739530975,5.767677259288588,6170.316525063273,396.0926057340888,-3173.0654459695475,-27.785326029336524,-17.705598457036032,2022-11-10 19:29:00,5340.0
534,0.0,1.6929693739530975,5.778478153041326,6204.796953897357,387.900929239447,-3106.0782273052346,-27.16646392927258,-17.842512294553032,2022-11-10 19:29:10,5350.0
535,0.0,1.6929693739538667,5.789279046794067,6238.540553911292,379.6631879191882,-3038.721142193389,-26.547524084590716,-17.97835805597609,2022-11-10 19:29:20,5360.0
536,0.0,1.6929693739546365,5.800079940546807,6271.5432666929855,371.3803569099826,-2971.0021863349357,-25.92850916859808,-18.113175131178387,2022-11-10 19:29:30,5370.0
537,0.0,1.6929693739554057,5.810880834299548,6303.801122219649,363.05341689510584,-2902.9294000830523,-25.30942177614576,-18.247001611944963,2022-11-10 19:29:40,5380.0
538,0.0,1.6929693739554064,5.821681728052286,6335.310239380633,354.6833539863574,-2834.5108674720627,-24.690264427686287,-18.379874357609033,2022-11-10 19:29:50,5390.0
539,0.0,1.6929693739554068,5.832482621805023,6366.066826489289,346.27115960511026,-2765.7547152393945,-24.07103957311262,-18.511829057210928,2022-11-10 19:30:00,5400.0
540,0.0,1.692969373955407,5.843283515557761,6396.067181783529,337.8178303625965,-2696.6691118412173,-23.45174959538988,-18.64290028840785,2022-11-10 19:30:10,5410.0
541,0.0,1.692969373956176,5.854084409310502,6425.307693915188,329.32436793933584,-2627.2622664613477,-22.832396813997953,-18.773121573345254,2022-11-10 19:30:20,5420.0
542,0.0,1.6929693739561762,5.86488530306324,6453.784842427912,320.79177896383635,-2557.5424280140796,-22.212983488192407,-18.90252543168741,2022-11-10 19:30:30,5430.0
543,0.0,1.6929693739561766,5.875686196815979,6481.495198223634,312.2210748904734,-2487.517884140584,-21.593511820099902,-19.031143430989342,2022-11-10 19:30:40,5440.0
544,0.0,1.6929693739569456,5.8864870905687185,6508.435424017354,303.61327187664364,-2417.196960199404,-20.973983957654685,-19.159006234581547,2022-11-10 19:30:50,5450.0
545,0.0,1.6929693739569458,5.897287984321457,6534.60227478024,294.9693906592155,-2346.5880182510637,-20.354401997389598,-19.2861436471259,2022-11-10 19:31:00,5460.0
546,0.0,1.6929693739577147,5.908088878074198,6559.992598171035,286.290456430197,-2275.6994560367693,-19.734767987089814,-19.412584657991108,2022-11-10 19:31:10,5470.0
547,0.0,1.692969373957715,5.918889771826935,6584.6033349553745,277.5774987117744,-2204.539705951678,-19.11508392831653,-19.538357482586754,2022-11-10 19:31:20,5480.0
548,0.0,1.692969373957715,5.929690665579673,6608.431519413348,268.83155123061874,-2133.1172340125404,-18.4953517788121,-19.663489601784743,2022-11-10 19:31:30,5490.0
549,0.0,1.6929693739577159,5.940491559332411,6631.4742797347935,260.0536517915601,-2061.4405388200958,-17.875573454790533,-19.788007799549824,2022-11-10 19:31:40,5500.0
550,0.0,1.692969373958484,5.951292453085152,6653.728838402537,251.24484215062222,-1989.5181505163894,-17.25575083312344,-19.91193819889223,2022-11-10 19:31:50,5510.0
551,0.0,1.6929693739592528,5.962093346837892,6675.192512563333,242.40616788740732,-1917.3586297368984,-16.63588575342731,-20.035306296248844,2022-11-10 19:32:00,5520.0
552,0.0,1.6929693739592528,5.97289424059063,6695.8627143865215,233.53867827690374,-1844.9705665579509,-16.01598002005695,-20.158136994392844,2022-11-10 19:32:10,5530.0
553,0.0,1.6929693739592528,5.983695134343368,6715.736951410251,224.64342616068802,-1772.3625794394177,-15.396035404013181,-20.28045463396512,2022-11-10 19:32:20,5540.0
554,0.0,1.6929693739600227,5.994496028096109,6734.812826875197,215.72146781757095,-1699.5433141628491,-14.776053644769139,-20.402283023715604,2022-11-10 19:32:30,5550.0
555,0.0,1.692969373960792,6.005296921848849,6753.088040045718,206.77386283370086,-1626.5214427652445,-14.156036452020471,-20.523645469537605,2022-11-10 19:32:40,5560.0
556,0.0,1.6929693739615612,6.01609781560159,6770.560386518408,197.80167397212875,-1553.305662468654,-13.535985507364572,-20.64456480237288,2022-11-10 19:32:50,5570.0
557,0.0,1.6929693739615612,6.026898709354327,6787.227758517905,188.80596704187187,-1479.9046946056642,-12.915902465913659,-20.765063405061323,2022-11-10 19:33:00,5580.0
558,0.0,1.6929693739623315,6.037699603107068,6803.088145179963,179.78781076649403,-1406.3272835410994,-12.29578895784529,-20.885163238204637,2022-11-10 19:33:10,5590.0
559,0.0,1.6929693739631018,6.048500496859808,6818.13963282164,170.74827665221392,-1332.5821955898843,-11.675646589895731,-21.00488586510986,2022-11-10 19:33:20,5600.0
560,0.0,1.6929693739638707,6.059301390612549,6832.380405198609,161.68843885557544,-1258.6782179315462,-11.055476946798432,-21.124252475875206,2022-11-10 19:33:30,5610.0
561,0.0,1.6929693739646403,6.070102284365289,6845.808743749493,152.60937405068773,-1184.6241575211816,-10.435281592673604,-21.24328391067683,2022-11-10 19:33:40,5620.0
562,0.0,1.6929693739646412,6.080903178118027,6858.423027827246,143.51216129606232,-1110.428839997323,-9.815062072369866,-21.36200068231317,2022-11-10 19:33:50,5630.0
563,0.0,1.6929693739654106,6.091704071870768,6870.221734917379,134.39788190106017,-1036.1011085866844,-9.194819912763192,-21.48042299805998,2022-11-10 19:34:00,5640.0
564,0.0,1.6929693739661806,6.102504965623508,6881.203440843077,125.2676192920092,-961.6498230062981,-8.574556624015107,-21.59857078088692,2022-11-10 19:34:10,5650.0
565,0.0,1.6929693739661809,6.113305859376246,6891.366819957244,116.12245887793017,-887.083858362599,-7.954273700795723,-21.716463690084357,2022-11-10 19:34:20,5660.0
566,0.0,1.6929693739661817,6.124106753128984,6900.710645321198,106.96348791598673,-812.4121040483299,-7.333972623469459,-21.83412114134711,2022-11-10 19:34:30,5670.0
567,0.0,1.6929693739669518,6.134907646881725,6909.233788870225,97.79179537661796,-737.6434626369926,-6.713654859252152,-21.951562326359166,2022-11-10 19:34:40,5680.0
568,0.0,1.6929693739677212,6.145708540634465,6916.935221565762,88.6084718083997,-662.7868487751299,-6.09332186333833,-22.06880623192267,2022-11-10 19:34:50,5690.0
569,0.0,1.6929693739684908,6.156509434387206,6923.81401353432,79.41460920266327,-587.8511880727964,-5.472975080002274,-22.185871658672273,2022-11-10 19:35:00,5700.0
570,0.0,1.6929693739692604,6.167310328139946,6929.86933419299,70.211300857854,-512.8454159919862,-4.852615943676724,-22.30277723941437,2022-11-10 19:35:10,5710.0
571,0.0,1.6929693739700302,6.178111221892687,6935.1004523615875,60.999641243718756,-437.77847673376726,-4.232245880008377,-22.41954145713025,2022-11-10 19:35:20,5720.0
572,0.0,1.6929693739707996,6.188912115645427,6939.506736361388,51.78072586527367,-362.6593221237449,-3.6118663068970953,-22.536182662679856,2022-11-10 19:35:30,5730.0
573,0.0,1.6929693739708005,6.199713009398165,6943.087654100409,42.555651126616475,-287.49691049634987,-2.991478635516604,-22.652719092243107,2022-11-10 19:35:40,5740.0
574,0.0,1.6929693739715692,6.210513903150906,6945.8427731452475,33.325514194604004,-212.30020557815882,-2.371084271321451,-22.769168884533833,2022-11-10 19:35:50,5750.0
575,0.0,1.6929693739723384,6.221314796903646,6947.771760779418,24.091412862397732,-137.07817537022328,-1.750684615042604,-22.885550097821046,2022-11-10 19:36:00,5760.0
576,0.0,1.6929693739464646,6.232115690656381,6948.874384041134,14.85444541295391,-61.83979102988,-1.1302810636721785,-23.00188072679164,2022-11-10 19:36:10,5770.0
577,0.0,1.6929693739205904,6.242916584409117,6949.15050977598,5.615710482235972,13.405974248801716,-0.5098750114422528,-23.118178719288057,2022-11-10 19:36:20,5780.0
578,0.0,1.69296937389534,6.253717478161854,6948.6001046334195,-3.6236930772511737,88.65014635302947,0.11053214921245533,-23.234461992954003,2022-11-10 19:36:30,5790.0
579,0.0,1.6929693738700893,6.264518371914591,6947.223235078381,-12.862666333266256,163.88375137115628,0.7309390266732694,-23.35074845182043,2022-11-10 19:36:40,5800.0
580,0.0,1.6929693738686273,6.275319265667369,6945.020067388539,-22.100110410457617,239.0978167116177,1.3513442291779183,-23.467056002865384,2022-11-10 19:36:50,5810.0
581,0.0,1.6929693738686278,6.286120159420107,6941.990867612647,-31.334926627267283,314.2833722223884,1.9717463638495225,-23.58340257257941,2022-11-10 19:37:00,5820.0
